"id","nome","descrizione","costo_exp","id_talenti_categorie","and_ids_talenti","or_ids_talenti","not_ids_talenti","note_master","note_busta","status"
"1","Avanguardia","Questa abilità determina l'esperienza sul campo di un personaggio. È prerequisito necessario all'acquisto di alcune abilità avanzate.","0","1",,,,,,"nascosto"
"2","Istruzione","Sai leggere, scrivere e far di conto.","0","1",,,,,NULL,"visibile"
"3","Perquisire","Puoi dichiarare PERQUISIZIONE su un PG (dopo 30 secondi di lavoro di ricerca su un PG o un PNG, come da descrizione della chiamata). Un essere in salute si accorge della perquisizione in atto o al più tardi nel momento in cui viene dichiarata.","0","1",,,,,NULL,"visibile"
"4","Colpo non letale","Chiunque sia in grado di usare un’arma può usarla per dichiarare STORDISCI su un bersaglio, secondo le regole della chiamata.","0","1",,,,,NULL,"visibile"
"5","Rendita base","Ad ogni evento, salvo avvenimenti particolari, guadagni 2 monete di rame","0","1",,,,,NULL,"visibile"
"6","Maschio","Sei biologicamente un maschio.","0","1",,,"7",,NULL,"visibile"
"7","Femmina","Sei biologicamente una femmina.","0","1",,,"6",,NULL,"visibile"
"8","Addestramento fisico 1","Guadagni +1PF addizionale.","20","2",,,,,NULL,"visibile"
"9","Addestramento fisico 2","Guadagni +1PF addizionale.","30","2","8",,"41",,NULL,"visibile"
"10","Addestramento fisico 3","Guadagni +1PF addizionale.","40","2","9,1",,"40",,,"visibile"
"11","Vedere nascosti ","Puoi dichiarare VISTO a un PG nascosto.","50","2",,,,,NULL,"visibile"
"12","Nascondersi 1","Dopo 5/10 secondi di immobilità dietro un ostacolo che lo occulta alla vista, il PG assume lo stato di NASCOSTO. Qualsiasi azione che non sia il mero respirare fa terminare l’effetto.","30","2",,,"41,43",,,"visibile"
"13","Nascondersi 2","Una volta in stato di NASCOSTO, il PG può muoversi fino ad un massimo di 10 metri tra un nascondiglio ed un altro senza perdere lo stato di NASCOSTO.","30","2","1,12",,,,NULL,"visibile"
"14","Disattivare trappole 1","Puoi dichiarare NEUTRALIZZA TRAPPOLA su trappole comuni, strappando il cartellino.","30","2",,,,,NULL,"visibile"
"15","Disattivare trappole 2","Puoi dichiarare NEUTRALIZZA TRAPPOLA su trappole non-comuni e rare, strappando il cartellino.","40","2","1,14",,,,NULL,"visibile"
"16","Esploratore","Puoi accedere ad aree speciali particolari.","30","2",,,,,NULL,"visibile"
"17","Guida","Puoi portare con te fino ad un massimo di 3 PG nelle aree speciali che puoi valicare.","45","2","1","127,16",,,,"visibile"
"18","Risonanza","Puoi portare con te ed usare fino a tre oggetti cartellinati. Se ne porti, trasporti o usi un quarto subisci la chiamata ARTEFATTO DOLORE e ARTEFATTO DISARMO.","45","2","1",,,,NULL,"visibile"
"19","Voci dei Boschi","All’inizio di ogni evento ricevi delle informazioni aggiuntive riguardo ai luoghi, siano essi conosciuti o meno.","30","2",,,,,NULL,"visibile"
"20","Armi corte","Puoi usare un’arma corta. Se si tratta di un’arma da taglio puoi dichiarare CHOP, se si tratta di un’arma da botta puoi dichiarare BLAM.","15","3",,,,,NULL,"visibile"
"21","Manovra: silenziare","Dopo aver effettuato due colpi consecutivi che infliggono danno base (CHOP o BLAM), puoi dichiarare SILENZIO con il terzo colpo. I due colpi iniziali non devono necessariamente andare a segno per poter dichiarare la chiamata finale della Manovra, ma tutti e tre i colpi devono essere effettuati sullo stesso bersaglio. Se si usa l’arma per parare durante la sequenza di tre colpi, la manovra viene considerata interrotta.","35","3","20",,"24,27,30,39,23,26,29,32,34,36",,NULL,"visibile"
"22","Armi a una mano","Puoi usare un’arma ad una mano. Se si tratta di un’arma da taglio puoi dichiarare CHOP, se si tratta di un’arma da botta puoi dichiarare BLAM.","20","3",,,,,NULL,"visibile"
"23","Uso avanzato delle armi a una mano","Puoi dichiarare CRITICO con armi a una mano.","45","3","22",,"21,24,27,30,39,26,29,32,34,36",,NULL,"visibile"
"24","Manovra: affondare","Sei in grado di effettuare una sequenza di colpi, il primo dei quali sarà sempre CHOP o BLAM, il secondo sarà sempre DIRETTO e il terzo INTRALCIARE. I due colpi iniziali non devono necessariamente andare a segno per poter dichiarare la chiamata finale della Manovra, ma tutti e tre i colpi devono essere effettuati sullo stesso bersaglio. Se si usa l’arma per parare durante la sequenza di tre colpi, la manovra viene considerata interrotta. Inoltre, una volta per incontro, puoi dichiarare DISARMO con armi a una mano.","50","3","22",,"39,30,21,27,23,34,36,32,29,26",,,"visibile"
"25","Armi lunghe","Puoi usare un’arma a due mani. Se si tratta di un’arma da taglio puoi dichiarare CHOP, se si tratta di un’arma da botta puoi dichiarare BLAM.","30","3",,,,,NULL,"visibile"
"26","Uso avanzato delle armi lunghe","Puoi dichiarare A TERRA con armi lunghe.","50","3","25",,"21,24,27,30,39,23,29,32,34,36",,NULL,"visibile"
"27","Manovra: spezzare","Dopo aver effettuato due colpi consecutivi che infliggono danno base (CHOP o BLAM), puoi dichiarare FRATTURA con il terzo colpo. I due colpi iniziali non devono necessariamente andare a segno per poter dichiarare la chiamata finale della Manovra, ma tutti e tre i colpi devono essere effettuati sullo stesso bersaglio. Se si usa l’arma per parare durante la sequenza di tre colpi, la manovra viene considerata interrotta.","65","3","25",,"21,24,30,39,23,26,29,32,34,36",,NULL,"visibile"
"28","Armi da tiro","Puoi usare armi da tiro e dichiarare CRITICO con esse.","30","3",,,,,NULL,"visibile"
"29","Uso avanzato delle armi da tiro","Puoi dichiarare DIRETTO DOLORE con armi da tiro.","60","3","28",,"21,24,27,30,39,23,26,32,34,36",,NULL,"visibile"
"30","Manovra: ricochet","Quando colpisci un bersaglio con un’arma da tiro e il colpo va a segno, puoi dichiarare CRITICO a un altro bersaglio indicandolo.","55","3","28",,"21,24,27,39,23,26,29,32,34,36",,NULL,"visibile"
"31","Armi da lancio","Puoi usare armi da lancio e portare con te un massimo di cinque di queste armi. Dichiari CHOP o BLAM a seconda del tipo di arma da lancio.","30","3",,,,,NULL,"visibile"
"32","Uso avanzato delle armi da lancio","Puoi dichiarare CRITICO e puoi portare cinque armi da lancio in più.","45","3","31",,"21,24,27,30,39,23,26,29,34,36",,NULL,"visibile"
"33","Armi da fuoco ","Puoi usare una pistola come arma e dichiari FUOCO a ogni colpo. Si possono portare con sé fino a un massimo di due pistole. Solo chi possiede questa abilità può maneggiare le pistole per ricaricarle. Prima di poter sparare ancora è necessario ricaricare la pistola. Se sparando non si produce un suono udibile a 10 metri di distanza, si considera “aver fatto cilecca”.","35","3",,,,,NULL,"visibile"
"34","Uso avanzato delle armi da fuoco","Puoi dichiarare CRITICO con una pistola.","40","3","1,33",,"21,24,27,30,39,23,26,29,32,36",,NULL,"visibile"
"35","Armi da fuoco pesanti","Puoi usare un fucile come arma e dichiari FUOCO a ogni colpo. Si può portare con sé un solo fucile. Solo chi possiede questa abilità può maneggiare i fucili per ricaricarli.","35","3",,,,,NULL,"visibile"
"36","Uso avanzato delle armi da fuoco pesanti","Puoi dichiarare DIRETTO con un fucile.","45","3","1,35",,"21,24,27,30,39,23,26,29,32,34",,NULL,"visibile"
"37","Scudo","Puoi usare uno scudo piccolo o medio. Per essere utilizzato va imbracciato e impugnato. Si può usare un solo scudo alla volta. Para tutte le chiamate derivanti da armi tranne CRASH e DISINTEGRAZIONE SCUDO.","35","3",,,,,NULL,"visibile"
"38","Scudo grande","Puoi usare uno scudo a torre. Per essere usato va imbracciato e impugnato. Si può usare un solo scudo alla volta. Para tutte le chiamate derivanti da armi tranne CRASH e DISINTEGRAZIONE SCUDO.","50","3","1,37",,,,NULL,"visibile"
"39","Manovra: respingere","Dopo aver parato un colpo con lo scudo, puoi dichiarare SPINTA con l’arma che impugni.","60","3",NULL,"37,38","24,30,21,27,23,34,36,32,29,26",,,"visibile"
"40","Armature leggere","Indossando un’armatura leggera guadagni +2 PA.","30","3",,,"10",,NULL,"visibile"
"41","Armature medie","Indossando un’armatura media guadagni +3 PA.","15","3","40",,"9,12,132",,NULL,"visibile"
"42","Uso avanzato delle armature medie","Guadagni +1 PA addizionale fintanto che indossi un’armatura media.","15","3","1,41",,,,NULL,"visibile"
"43","Armature pesanti","Indossando un’armatura pesante guadagni +4 PA.","15","3","41",,"9,12,132,123",,NULL,"visibile"
"44","Uso avanzato delle armature pesanti","Guadagni +2 PA addizionale fintanto che indossi un’armatura pesante.","30","3","1,43",,,,NULL,"visibile"
"45","Ambidestria","Puoi usare entrambe le mani in maniera indipendente per impugnare armi e oggetti. Le armi a due mani, l’uso di pergamene non sono influenzati da questa abilità.","50","3",,,,,NULL,"visibile"
"46","Duellante","Ricevi una moneta di rame in più come rendita personale a inizio live. Puoi partecipare ai duelli ufficiali. Puoi sfidare altri PG e PNG duellanti, ma puoi combattere con lo stesso avversario una sola volta ad evento, anche in caso di richiesta di rivincita. Non si somma ad altre rendite.","40","3",,,,,NULL,"visibile"
"47","Primo soccorso","Puoi dichiarare ANALIZZO STATO DI SALUTE. Il PG che subisce questa chiamata deve dichiarare il suo stato fisico. Se è in stato SANGUINANTE deve dichiarare immediatamente dopo il conteggio cui è arrivato, altrimenti deve dichiarare di essere VIVO oppure MORENTE. Se è sotto l’effetto di veleni, deve anche dichiarare AVVELENATO. Non deve dichiarare la presenza di malattie, tormenti o altro.","5","4",,,,,,"visibile"
"48","Anatomia","Puoi dichiarare DIAGNOSI.","20","4","47",,,,,"visibile"
"49","Pronto soccorso","Puoi dichiarare STABILIZZATO dopo aver applicato una benda sulla locazione ferita.","15","4",,,,,NULL,"visibile"
"50","Ortopedico","Simulando di operare con entrambe le mani sull’arto di un altro PG per 5 secondi, puoi dichiarare NEUTRALIZZA FRATTURA.","40","4","49",,,,,"visibile"
"51","Rattoppatore","Ottieni una pezza medica (fornita dallo Staff). Puoi dichiarare GUARIGIONE su un PG dopo aver simulato di ricucirlo, completando la cucitura di una pezza medica. Se subisci una chiamata cui non sei immune mentre stai curando qualcuno, la cura si interrompe e devi ricominciare da capo.","40","4","49",,,,,"visibile"
"52","Medico da campo","Ottieni una seconda pezza medica (fornita dallo Staff).","35","4","1,51",,,,NULL,"visibile"
"53","Cura sotto stress","Quando subisci un colpo letale mentre stai curando qualcuno, puoi finire immediatamente indipendentemente da dove sei arrivato con la pezza medica dichiarando “GUARIGIONE”, quindi subire l’effetto del colpo.","60","4","1,52",,,,NULL,"visibile"
"54","Apprendista Farmacologo","Classe di crafting mondana. Quando acquisti questa abilità ricevi due ricette casuali del tuo ambito di crafting di rarità comune o non comune. Puoi produrre farmaci e antidoti di rarità comune e non comune. Puoi sperimentare per creare oggetti comuni e non comuni del tuo ambito di crafting.","30","4",,,"99,107,109,111",,NULL,"visibile"
"55","Lavorante Farmacologo","Puoi produrre oggetti da farmacologo di rarità rara. Puoi sperimentare per creare oggetti rari e leggendari del tuo ambito di crafting.","40","4","54",,,,NULL,"visibile"
"56","Salasso","Puoi dichiarare NEUTRALIZZA VELENO bruciando un cartellino SANGUISUGA.","25","4","49",,,,,"visibile"
"57","Salasso multiplo","Puoi dichiarare NEUTRALIZZA TORMENTO bruciando due cartellini SANGUISUGA.","50","4","56,1",,,,,"visibile"
"58","Iscritto all'albo","All’inizio di ogni evento puoi ottenere a scelta un componente per farmaci o per antidoti, oppure una sanguisuga. Per ottenere e usare questa abilità bisogna pagare una tassa annuale di un argento.","50","4","1",,,,NULL,"visibile"
"59","Ladro","Ricevi tre cartellini Furto1 a inizio evento (vedi Paragrafo “Furti e Ricettatori”). Si possono avere al massimo nove cartellini furto in busta PG. 
Il PG può attaccare il cartellino furto sugli indumenti di una persona quali: stivali, pantaloni, cintura, camicia, abiti, toghe e simili. Allo stesso modo può attaccare il cartellino furto su borse, scarselle, etc.. In questo modo viene rubato ciò che l’indumento o il contenitore ha all’interno, o che l’indumento può contenere o sostenere (es. monete negli stivali, oggetti nelle tasche, contenuto delle scarselle legate alla cintura, etc). 
In questo modo il PG può rubare tutte le monete di qualsiasi tipo, al massimo un oggetto blu consumabile di qualsiasi rarità e al massimo un ingrediente di qualsiasi rarità.","30","5",,,,,,"visibile"
"60","Mano lunga","Ricevi tre cartellini Furto2 a inizio evento che sostituiscono i cartellini Furto1 dell’abilità Ladro (non sono quindi cumulabili). Si possono avere al massimo nove cartellini furto in busta PG. Se vi sono ancora cartellini Furto1 in busta PG al momento dell’acquisto di questa abilità, essi verranno sostituiti da cartellini Furto2.
Il PG può rubare tutte le monete di qualsiasi tipo, al massimo tre oggetti blu consumabili di qualsiasi rarità e al massimo tre ingredienti di qualsiasi rarità. 
In alternativa, puoi rubare un cartellino blu plastificato se ci attacchi direttamente sopra il cartellino Furto2.","45","5","59,1",,,,,"visibile"
"61","Scassinatore","Sei in grado di scassinare serrature semplici in un minuto utilizzando degli attrezzi da scasso.","20","5",,,,,NULL,"visibile"
"62","Anti-fregatura","Sei IMMUNE a MERCANTEGGIARE.","60","5","1, 80",,,,NULL,"visibile"
"63","Amico di amici","All’inizio di ogni evento, in fase di segreteria, puoi partecipare ad un’asta.","30","5",,,,,NULL,"visibile"
"64","Mercato nero ","Hai accesso al mercato nero. Vieni riconosciuto come uno del giro e puoi partecipare alle missioni del mercato nero.","40","5",,,,,NULL,"visibile"
"65","Asta pericolosa","Puoi partecipare a un’asta del mercato nero.","50","5","63, 64",,,,NULL,"visibile"
"66","Spione","Quando potresti fare azioni downtime, puoi indicare un PNG di cui vuoi intercettare le missive. A inizio evento riceverai una copia di eventuali missive che hai intercettato.","40","5",,,,,NULL,"visibile"
"67","Polveriere","All’inizio di ogni evento ricevi un cartellino droga.","30","5",,,,,NULL,"visibile"
"68","Voci di strada","All’inizio di ogni evento ricevi delle informazioni aggiuntive riguardo agli accadimenti in diversi luoghi.","30","5",,,,,NULL,"visibile"
"69","Contrabbando","Quando vieni perquisito o derubato, puoi evitare di consegnare un consumabile.","40","5",,,,,NULL,"visibile"
"70","Tasca segreta","Quando vieni perquisito o derubato, puoi evitare di consegnare due consumabili oppure fino ad un massimo di cinque monete fisiche.","45","5","1, 69",,,,NULL,"visibile"
"71","Mani di velluto","Riduci il tempo di PERQUISIZIONE a 15 secondi.","45","5",,,,,NULL,"visibile"
"72","Escapista","Puoi liberarti dalle costrizioni fisiche come corde, manette, etc.","40","5",,,,,NULL,"visibile"
"73","Gergo ladresco","Sai parlare, leggere e capire il linguaggio criminale dei bassifondi. Puoi criptare una missiva che sarà leggibile solo da chi ha a sua volta la abilità “Gergo Ladresco”: se viene intercettata da chi non ha questa abilità, non è comprensibile.","50","5",,,,,NULL,"visibile"
"74","Mercante","La tua rendita monetaria diventa cinque monete di rame. Sostituisce la rendita base e non si somma alle rendite monetarie di altre abilità. Quando acquisti questa abilità ricevi il prezziario base degli ingredienti.","30","6",,,,,,"visibile"
"75","Bottegaio","La tua rendita monetaria diventa una moneta d’argento. Sostituisce le rendite di MERCANTE e non si somma alle rendite monetarie di altre abilità.","50","6","74",,,,NULL,"visibile"
"76","Compagnia Mercantile","La tua rendita monetaria diventa tre monete d’argento. Sostituisce le rendite di MERCANTE e BOTTEGAIO e non si somma alle rendite monetarie di altre abilità.","65","6","1, 75",,,,NULL,"visibile"
"77","Cacciatore","All’inizio di ogni evento ottieni due componenti casuali animali.","40","6",,,"78,79",,NULL,"visibile"
"78","Raccoglitore","All’inizio di ogni evento ottieni due componenti casuali erbe.","40","6",,,"77,79",,NULL,"visibile"
"79","Picconatore","All’inizio di ogni evento ottieni due componenti casuali minerali.","40","6",,,"77,78",,NULL,"visibile"
"80","Mercanteggiare 1","Dopo che è stato deciso il prezzo per un accordo o per una merce da acquistare o da vendere, si può instaurare un dialogo di almeno quindici parole dove si cerca di aumentare il prezzo o di ottenere uno sconto, a seguito del quale puoi dichiarare MERCANTEGGIARE 1. Se il PG che subisce la chiamata non dichiara IMMUNE, deve dare o togliere una moneta di rame rispetto a quello che avrebbe pagato o fatto pagare. Se il PG che subisce la chiamata è in possesso a sua volta dell’abilità MERCANTEGGIARE, può rispondere con il proprio valore di MERCANTEGGIARE: a seconda di chi ha il valore più alto si fa la differenza tra livelli e si ottiene un surplus sul prezzo o uno sconto. Sia che si usi la chiamata, che la si subisca o che si controbatta, va sempre interpretata.","15","6",,,,,NULL,"visibile"
"81","Mercanteggiare 2","Puoi dichiarare MERCANTEGGIARE 2. Le monete di rame da aggiungere o scontare diventano due.","25","6","80",,,,NULL,"visibile"
"82","Mercanteggiare 3","Puoi dichiarare MERCANTEGGIARE 3. Le monete di rame da aggiungere o scontare diventano tre.","30","6","1,81",,,,NULL,"visibile"
"83","Vigile","Sei IMMUNE ai cartellini furto.","70","6","1",,,,NULL,"visibile"
"86","Performance","Dopo un’esibizione di almeno 5 minuti, puoi dichiarare “COMANDO: PAGAMI” verso qualcuno che ti abbia prestato attenzione durante l’esibizione. Il bersaglio deve donare una moneta all'intrattenitore (non d’oro), ma può scegliere quale tra quelle che possiede. Se non possiede alcuna moneta, deve donare al suo posto un ingrediente o un consumabile (non pergamena sacra) partendo dal meno raro che possiede.","30","7",,,,,,"visibile"
"87","Richiamo","Dopo 10 secondi di esibizione puoi dichiarare “AGGRO” su un bersaglio entro gittata (dieci metri).","40","7",,,,,NULL,"visibile"
"88","Esca viva","Dopo 30 secondi di esibizione puoi dichiarare “AGGRO IN QUEST’AREA”.","50","7","1,87",,,,NULL,"visibile"
"89","Danzatore","Quando staresti per subire un colpo da arma da tiro, da lancio o da fuoco, puoi dichiarare IMMUNE una volta per incontro.","30","7",,,,,NULL,"visibile"
"90","Concentrazione","Finché accompagni qualcuno che sta recitando un rituale magico o un rituale sacro (messa), non può essere interrotta da effetti di silenzio. Dichiari ISPIRAZIONE: IMMUNE A SILENZIO a un bersaglio, il quale potrà dichiarare IMMUNE a SILENZIO per tutta la durata del rituale.","40","7","1",,,,NULL,"visibile"
"91","Attore","Puoi mentire quando dichiarano su di te “ANALIZZO STATO DI SALUTE”. Non puoi dichiararti in stato MORENTE.","30","7",,,,,NULL,"visibile"
"92","Premio Oscar","Puoi mentire quando dichiarano su di te “DIAGNOSI”. Non puoi dichiararti in stato MORENTE.","40","7","91",,,,NULL,"visibile"
"93","Vita da strada","Puoi mentire quando subisci la chiamata SINCERITA’","60","7","1,91",,,,NULL,"visibile"
"94","Memoria da elefante","Puoi strappare un cartellino Droga per dichiarare IMMUNE ad AMNESIA entro dieci secondi dalla chiamata. Si subiscono gli effetti del cartellino Droga come se fosse stata consumata normalmente.","30","7",,,,,NULL,"visibile"
"95","Seduttore","Dopo almeno un minuto di dialogo condito di complimenti con un PG o un PNG, puoi dichiarare CHARME.","45","7",,,,,NULL,"visibile"
"96","Tenersi la pellaccia","Una volta per INCONTRO puoi buttarti in ginocchio davanti a un bersaglio che ti vuole nuocere e implorare con le mani giunte per la salvezza della tua vita, devi dire “TI PREGO NON UCCIDERMI, TI PREGO NON UCCIDERMI”. Dopodiché, puoi dichiarare “COMANDO: ATTACCALO/A” indicando un qualsiasi PG entro dieci metri (chiarificazione: non un MOB, né un PNG).","50","7","1",,,,NULL,"visibile"
"97","Virtuoso","Se stai per produrre un oggetto comune, ne crei invece due.","45","7","1",,,,NULL,"visibile"
"98","Estrattore","Dopo 30 secondi di lavoro su un campo, un animale, una miniera o una fonte tossica, puoi estrarre una unità del materiale ivi contenuto.","20","8",,,,,NULL,"visibile"
"99","Apprendista Cuoco","Classe di crafting mondana. Quando acquisti questa abilità ricevi due ricette casuali del tuo ambito di crafting di rarità comune o non comune. Puoi produrre pietanze di rarità comune e non comune. Puoi sperimentare per creare oggetti comuni e non comuni del tuo ambito di crafting.","30","8",,,"107,109,54,111",,NULL,"visibile"
"100","Lavorante Cuoco","Puoi produrre oggetti da cuoco di rarità rara. Puoi sperimentare per creare oggetti rari e leggendari del tuo ambito di crafting.","40","8","99",,,,NULL,"visibile"
"101","Apprendista Armaiolo","Classe di crafting Primaria. Quando acquisti questa abilità ricevi due ricette casuali del tuo ambito di crafting di rarità comune o non comune. Puoi produrre armi, armature pesanti, scudi, serrature, scudi, casseforti etc. di rarità comune e non comune. Puoi sperimentare per creare oggetti comuni e non comuni del tuo ambito di crafting.","30","8",,,"103,105",,NULL,"visibile"
"102","Lavorante Armaiolo","Puoi produrre oggetti da armaiolo di rarità rara. Puoi sperimentare per creare oggetti rari e leggendari del tuo ambito di crafting.","45","8","101",,,,NULL,"visibile"
"103","Apprendista Conciaio","Classe di crafting Primaria. Quando acquisti questa abilità ricevi due ricette casuali del tuo ambito di crafting di rarità comune o non comune. Puoi produrre armature leggere e medie, guanti, stivali, faretre etc. di rarità comune e non comune. Puoi sperimentare per creare oggetti comuni e non comuni del tuo ambito di crafting.","30","8",,,"101,105",,NULL,"visibile"
"104","Lavorante Conciaio","Puoi produrre oggetti da conciaio di rarità rara. Puoi sperimentare per creare oggetti rari e leggendari del tuo ambito di crafting.","45","8","103",,,,NULL,"visibile"
"105","Apprendista Alchimista","Classe di crafting Primaria. Quando acquisti questa abilità ricevi due ricette casuali del tuo ambito di crafting di rarità comune o non comune. Puoi produrre pozioni, veleni, elisir etc. di rarità comune e non comune. Puoi sperimentare per creare oggetti comuni e non comuni del tuo ambito di crafting.","30","8",,,"101,103",,NULL,"visibile"
"106","Lavorante Alchimista","Puoi produrre oggetti da alchimista di rarità rara. Puoi sperimentare per creare oggetti rari e leggendari del tuo ambito di crafting.","45","8","105",,,,NULL,"visibile"
"107","Apprendista Carpentiere","Classe di crafting mondana. Quando acquisti questa abilità ricevi due ricette casuali del tuo ambito di crafting di rarità comune o non comune. Puoi produrre arcate, rinforzi per porte, ponteggi, armi da assedio, etc. di rarità comune e non comune. Puoi sperimentare per creare oggetti comuni e non comuni del tuo ambito di crafting.","30","8",,,"99,109,54,111",,NULL,"visibile"
"108","Lavorante Carpentiere","Puoi produrre oggetti da carpentiere di rarità rara. Puoi sperimentare per creare oggetti rari e leggendari del tuo ambito di crafting.","40","8","107",,,,NULL,"visibile"
"109","Apprendista Gioielliere","Classe di crafting mondana. Quando acquisti questa abilità ricevi due ricette casuali del tuo ambito di crafting di rarità comune o non comune. Puoi produrre pietre lavorate, tiare, anelli e gioielli di rarità comune e non comune. Puoi sperimentare per creare oggetti comuni e non comuni del tuo ambito di crafting.","30","8",,,"99,107,54,111",,NULL,"visibile"
"110","Lavorante Gioielliere","Puoi produrre oggetti da gioielliere di rarità rara. Puoi sperimentare per creare oggetti rari e leggendari del tuo ambito di crafting.","40","8","109",,,,NULL,"visibile"
"111","Scriba","Classe di crafting mondana. Puoi produrre documenti con valore di gioco, redigere contratti, creare grimori, ricettari, pergamene etc. Questa abilità non consente di creare pergamene sacre. Per ottenere e usare questa abilità bisogna pagare una tassa annuale di un argento.","30","8",,,"99,107,109,54",,NULL,"visibile"
"112","Appositore di sigilli","Puoi rendere non intercettabile una missiva ad evento tramite sigillo in ceralacca. Il giocatore deve dotarsi di sigillo personale e ceralacca da utilizzare in gioco.","30","8","1,111",,,,NULL,"visibile"
"113","Artista","Aumenta del 20% la percentuale di riuscita di un oggetto quando sperimenti.","50","8",,"101,103,105,99,107,109,54",,,NULL,"visibile"
"114","Intenditore","Puoi identificare pozioni, veleni e droghe anche se camuffati in altri cibi, oggetti, etc.","40","8",,"105,99",,,NULL,"visibile"
"115","Ricercatore","All’inizio di ogni evento puoi richiedere una ricetta casuale specificando l’ambito di interesse (devi possedere l’abilità da crafter per cui stai richiedendo la ricetta).","40","8",,"101,103,105,99,107,109,54",,,NULL,"visibile"
"116","Scompositore","Quando provi a creare un oggetto di cui non conosci la ricetta e la cui sperimentazione non è andata a buon fine, (quindi dopo aver bruciato le risorse) puoi venire a conoscenza di un ingrediente necessario alla creazione che non conosci.","25","8","1","101,103,105,99,107,109,54",,,NULL,"visibile"
"117","Lavoro di gruppo","Durante la fase di crafting di un oggetto la cui ricetta è conosciuta, puoi farti aiutare da fino a due assistenti che posseggono l'abilità da crafter associata all’oggetto che stai provando a produrre. Per ogni assistente, il costo necessario a produrre l’oggetto è ridotto di una risorsa, partendo da quella di rarità più bassa. Il costo di risorse per la produzione non può essere azzerato in questo modo.","40","8","1","101,103,105,99,107,109,54,111",,,NULL,"visibile"
"118","Riparatore da battaglia","Ogni 10 secondi di lavoro su un’armatura, puoi dichiarare RIPARAZIONE e ristabilire 1 PA a ogni locazione dell’armatura. Allo stesso modo puoi dichiarare RIPARAZIONE su uno scudo non cartellinato. Se subisci una chiamata a cui non sei immune durante la riparazione, essa viene interrotta e devi ricominciare da capo.","20","8",,"101,103",,,,"visibile"
"119","Riassemblaggio","Ogni 10 secondi di lavoro su un’armatura, puoi dichiarare RIPARAZIONE RIPARAZIONE e ristabilire 2 PA ad ogni locazione dell’armatura. Allo stesso modo puoi dichiarare RIPARAZIONE su uno scudo non cartellinato. Se subisci una chiamata a cui non sei immune durante la riparazione, essa viene interrotta e devi ricominciare da capo.","40","8","118,1",,,,,"visibile"
"120","Aggiustatore","Dopo trenta secondi di lavoro, puoi ristabilire l’integrità di un oggetto cartellinato la cui descrizione è “danneggiato” (o che ti è stato detto essersi danneggiato) usando la chiamata RIPARAZIONE. Puoi riparare solo ciò che compete la tua tipologia di crafting. Non funziona su cartellini consumabili.","30","8",,"101,107,103,109",,,,"visibile"
"121","Cerimonialista","Sai utilizzare le pergamene sacre di primo e secondo livello. All’inizio di ogni evento ricevi tre pergamene di primo/secondo livello. Ricevi anche una pergamena sacra plastificata e non strappabile con un’invocazione di danno base (SACRO).","30","9",,,"132",,NULL,"visibile"
"122","Liturgista","Sai utilizzare le pergamene sacre di terzo e quarto livello. All’inizio di ogni evento ricevi una pergamena di terzo/quarto livello e due pergamene di primo/secondo livello. Sostituisce le pergamene ricevute con l’abilità CERIMONIALISTA. Puoi presentare fino a tre proposte di pergamene sacre di qualsiasi livello all’anno: in caso di approvazione da parte dello Staff, all’evento successivo ti verrà consegnata una copia della pergamena creata al posto di una di quelle casuali.","50","9","121",,,,NULL,"visibile"
"123","Sacerdote","Sai utilizzare le pergamene sacre di quinto livello. All’inizio di ogni evento ricevi una pergamena di quinto livello, tre pergamene di terzo/quarto livello e quattro pergamene di primo/secondo livello. Sostituisce le pergamene ricevute con l’abilità LITURGISTA. Una volta ad evento, in qualsiasi momento tu lo desideri, puoi porre una domanda ad una divinità a tua scelta.","60","9","1,122",,"43",,NULL,"visibile"
"124","Litania","Il PG può strappare in due una pergamena sacra di immunità e poggiare ciascuna metà sul corpo di due PG differenti. Fintanto che il chierico continua a tenere le due metà della pergamena appoggiate sui due bersagli e a ripetere la chiamata della pergamena (Ispirazione: Immune a X), i due PG sono immuni a quella chiamata indipendentemente dalla fonte. Il chierico non è immune alla chiamata scritta sulla pergamena. La litania si interrompe e gli effetti dell’immunità cessano quando il chierico interrompe la litania con altre parole non facenti parte della chiamata o con il silenzio, che sia per volontà sua o meno.","40","9","122",,,,NULL,"visibile"
"125","Voci del confessionale","All’inizio di ogni evento ricevi delle informazioni aggiuntive riguardo a PG e PNG.","30","9","121",,,,NULL,"visibile"
"126","Percepire la blasfemia","Una volta a live, chiedendo a un membro dello Staff, puoi percepire la presenza di avversità alla fede o Maledizioni nell’area di gioco. Inoltre, con almeno  30 secondi di preghiera e interpretazione, puoi dichiarare “Rivelami se hai Maledizioni”.","20","9","121",,,,,"visibile"
"127","Santuario","Puoi accedere ad aree speciali.","30","9","121",,,,NULL,"visibile"
"128","Esorcismo","Dopo una breve interpretazione gestuale e vocale di dieci secondi, puoi toccare il cerchio di un rituale o uno degli oggetti che lo delinea e dichiarare NEUTRALIZZA AREA RITUALE; allo stesso modo puoi toccare il cerchio di una Zona di Meditazione Minore o uno degli oggetti che lo delinea e dichiarare NEUTRALIZZA ZONA DI MEDITAZIONE MINORE.","60","9","123",,,,,"visibile"
"129","Faro di speranza","Quando subisci una chiamata mentale ad area e possiedi una pergamena di immunità a quell’effetto in mano, senza bisogno di leggerla puoi dichiarare immediatamente IMMUNE a quella chiamata, dichiarare NEUTRALIZZA [quella chiamata] IN QUEST’AREA e poi strappare la pergamena di immunità corrispondente. Per usare questa abilità devi essere in compagnia di altri PG.","50","9","1,122",,,,NULL,"visibile"
"130","Conservatore","Puoi usare la stessa pergamena due volte (per segnalare il primo uso si effettua uno strappo per orizzontale fino a metà foglio, per il secondo uso si strappa definitivamente la pergamena). Se la pergamena non viene usata la seconda volta nel corso dell’evento, si dichiara comunque strappata alla fine dell’evento.","70","9","1,121",,,,NULL,"visibile"
"131","Chierico da battaglia","Per attivare una pergamena devi leggere solo l’ultimo paragrafo in grassetto anziché tutto il foglio.","40","9","121",,,,NULL,"visibile"
"132","Curioso","Accedi al potere arcano. Ottieni un grimorio vuoto da 15 pagine e due pergamene incantesimo casuali di primo livello (non può capitare la stessa pergamena due volte). Ricevi un braccialetto arcano e una perlina (gialla) “incantesimo LIVELLO 1” da inserirci. D’ora in avanti sarai in grado di aggiungere al tuo braccialetto arcano le perline gialle.","30","10",,,"41,43,121",,,"visibile"
"133","Apprendista","Il mago accede al secondo livello di potere arcano. Ottieni due pergamene incantesimo casuali di secondo livello (non può capitare la stessa pergamena due volte). Ricevi una perlina (arancione) “incantesimo LIVELLO 2” per il tuo braccialetto arcano. D’ora in avanti sarai in grado di aggiungere al tuo braccialetto arcano le perline arancioni.","40","10","132",,,,NULL,"visibile"
"134","Mago","Il mago accede al terzo livello di potere arcano. Ottieni due pergamene incantesimo casuali di terzo livello (non può capitare la stessa pergamena due volte). Ricevi una perlina (rossa) “incantesimo LIVELLO 3” per il tuo braccialetto arcano. D’ora in avanti sarai in grado di aggiungere al tuo braccialetto arcano le perline rosse.","45","10","133,1",,,,,"visibile"
"135","Stregone","Il mago accede al quarto livello di potere arcano. Ottieni due pergamene incantesimo casuali di quarto livello (non può capitare la stessa pergamena due volte) e una pergamena casuale di terzo livello. Ricevi una perlina (blu) “incantesimo LIVELLO 4” per il tuo braccialetto arcano. D’ora in avanti sarai in grado di aggiungere al tuo braccialetto arcano le perline blu.","55","10","134",,,,,"visibile"
"136","Trama","Scegli una scuola di magia. Ottieni due pergamene casuali che possono essere di secondo, terzo o quarto livello (non può capitare la stessa pergamena due volte).","25","10","135",,,,NULL,"visibile"
"137","Concentrazione arcana","Il mago che acquista questa abilità, può acquistare l'abilità ""Armatura Media"" e indossare Armature Medie","30","10","1,132",,,,NULL,"visibile"
"138","Fruitore magico","Quando usufruisci di “Legarsi alla Trama” per ottenere un FRAMMENTO ARCANO di qualsiasi livello, ti servono due componenti COMUNI in meno.","30","10","133",,"140",,NULL,"visibile"
"139","Connessione con la Trama","Quando usufruisci di “Legarsi alla Trama” per ottenere un FRAMMENTO ARCANO di qualsiasi livello, ti serve un componente NON COMUNE in meno.","40","10","138",,,,,"visibile"
"140","Abile con i grimori","Per attaccare una Pergamena Magica al proprio Grimorio, ti serve un componente COMUNE in meno.","30","10","133",,"138",,,"visibile"
"141","Esperto di grimori","Per attaccare una Pergamena Magica al proprio Grimorio ti serve un componente NON COMUNE in meno.","40","10","140",,,,,"visibile"
"142","Ritualista","Puoi officiare rituali magici come celebrante.","40","11","132",,,,,"visibile"
"143","Rituale abiurato","I tuoi rituali dichiarano IMMUNE agli effetti dell’abilità ESORCISMO.","50","11","142,1",,,,,"visibile"
"144","Riciclo arcano","All’inizio di ogni evento, puoi scambiare due pergamene incantesimo dello stesso livello che possiedi e che non hai ancora attaccato al tuo grimorio con un’altra casuale del livello superiore.","30","10","132",,,,NULL,"visibile"
"145","Potenziale arcano aumentato 1","Ti viene consegnato un “incantesimo LIVELLO 1” per il tuo braccialetto arcano (perlina gialla).","20","10","134",,,,,"visibile"
"146","Potenziale arcano aumentato 2","Ti viene consegnato un “incantesimo LIVELLO 2” per il tuo braccialetto arcano (perlina arancione).","30","10","145",,,,,"visibile"
"147","Potenziale arcano aumentato 3","Ti viene consegnato un “incantesimo LIVELLO 3” per il tuo braccialetto arcano (perlina rossa).","40","10","146",,,,,"visibile"
"148","Potenziale arcano aumentato 4","Ti viene consegnato un “incantesimo LIVELLO 4” per il tuo braccialetto arcano (perlina blu).","50","10","147,135",,,,,"visibile"
"149","Aiuto nel tracciato","Ottieni uno e un solo rituale all’acquisto di questa abilità.","20","11",,"142",,,,"visibile"
"150","Maestro rituale","Puoi officiare rituali utilizzando un componente in meno rispetto a quanto richiesto dal rituale, a partire dal più comune di rarità. Se più officianti sono in possesso di questa abilità, si applica comunque una sola volta. Questa abilità non è utilizzabile per scontare l’ultimo ingrediente necessario.","20","11",,"142",,,,"visibile"
"151","Stabilità arcana","Sei in grado di rendere i tuoi rituali più resistenti alle interferenze. Durante un rituale in cui sei l'officiante (o uno degli officianti) puoi dichiarare IMMUNE a una e una sola chiamata (anche ad area) o di DANNO o MENTALE di cui sei bersaglio.
Es. Grazie a questa abilità, subendo una chiamata combinata come “Fuoco! Confusione!” si può dichiarare “Immune!” o al danno (fuoco) o alla chiamata mentale (confusione) subendo normalmente gli effetti dell’altra.","40","11",,"143",,,,"visibile"
"152","Improvvisazione dolorosa","Durante un rituale in cui sei l'officiante (o uno degli officianti) puoi sostituire un componente pagando un prezzo come segue:
- Subisci 1 danno al tronco per sostituire un componente Comune;
- Subisci 2 danni al tronco per sostituire un componente NonComune;
- Subisci 3 danni al tronco per sostituire un componente Raro.
I danni subiti non sono riducibili né evitabili in nessun modo e vanno scalati direttamente dai PF del proprio tronco (non vanno scalati dai PA di un’eventuale armatura). Questi danni non sono recuperabili/curabili in alcun modo; si recuperano automaticamente alla fine della giornata di gioco.","35","11","142,1","142,1",,,,"visibile"
"154","Collaborazione arcaica","Quando si appronta un rituale che richiede due o più officianti, se almeno uno di loro possiede questa abilità, i partecipanti non officianti richiesti dal rituale possono essere dimezzati una e una sola volta (ci deve essere comunque sempre almeno un partecipante che non sia un officiante).","20","11",,"142",,,,"visibile"
"155","Interrogare la Trama","Una volta a evento puoi recarti in Aula Staff con un rituale sperimentale pronto e puoi porre una domanda al Master di riferimento. In questo modo puoi avere un’idea sulla fattibilità del rituale, l’eventuale l’esito, o potresti eventualmente capire se è imperfetto, e così via.","40","11",,"142",,,,"visibile"
"156","Fornitura arcana","Ricevi una Polvere Rituale (comune) a evento.","25","11",,"142",,,,"visibile"
"157","Artiglierista da battaglia","Il PG che compra questa abilità può portare con sé un massimo di 3 nastrini rossi (preferibilmente di un materiale morbido come la stoffa); sarà cura del giocatore procurarseli.
Quando il ritualista si trova all’interno di una sua Zona di Meditazione Minore può garantire all’arma da mischia di un altro PG (anch’esso all’interno della Zona) il seguente bonus fino alla fine del prossimo incontro: il ritualista sceglie due chiamate tra acido, sanguis, argento e fuoco. Sull’arma scelta dal ritualista deve essere applicato un nastrino rosso ben visibile; questa è l’unica arma utilizzabile dal personaggio che gode del bonus.
Quando il PG usa l’arma con il nastrino non può effettuare nessuna chiamata all’infuori delle due scelte dal ritualista.
Subire una chiamata ISPIRAZIONE sovrascrive l’effetto ricevuto dai rituali da battaglia. Subire un rituale da battaglia neutralizza tutte le ispirazioni ricevute precedentemente. Se l’arma incantata subisce la chiamata DISINTEGRAZIONE X, l’effetto del rituale termina e non si può più usare per l’incontro in corso. Quando per qualsiasi motivo l’effetto del rituale termina, il personaggio che ha ricevuto il bonus dovrà immediatamente togliere il nastrino rosso dall’arma e restituirlo quanto prima al ritualista.
Si possono ricevere i benefici di massimo un rituale da battaglia per incontro. 

IMPORTANTE: Sarà cura del ritualista durante l’apposizione del nastrino rosso spiegare TUTTI gli effetti di questa abilità.","40","11",,"160","158,159",,,"visibile"
"158","Protettore da battaglia","Il PG che compra questa abilità può portare con sé un massimo di 3 nastrini rossi (preferibilmente di un materiale morbido come la stoffa); sarà cura del giocatore procurarseli.
Quando il ritualista si trova all’interno di una sua Zona di Meditazione Minore può garantire a un altro PG, che sia in grado di utilizzare una pezza medica (anch’esso all’interno della Zona) uno dei seguenti bonus fino alla fine del prossimo incontro: 
1) Mentre curi con una pezza medica senza subire interruzioni dichiari GUARIGIONE ogni 10 secondi. La pezza deve comunque essere conclusa e poi disfata prima di operare su un altro bersaglio.
2) Quando completi una pezza medica, puoi dichiarare NEUTRALIZZA FRATTURA A TUTTI GLI ARTI! e GUARIGIONE!
Se si interrompe l’azione di cucitura per qualsiasi motivo, si deve disfare la pezza medica senza beneficiare del bonus e ricominciare da capo. Il ritualista deve applicare un nastrino rosso su uno dei polsi del PG scelto. Il PG che beneficia di questo bonus non può operare più di un paziente alla volta in nessun modo e le uniche chiamate che può dichiarare sul PG a cui è applicata la pezza medica sono quelle date dal bonus scelto dal ritualista.
Subire una chiamata ISPIRAZIONE sovrascrive l’effetto ricevuto dai rituali da battaglia. Subire un rituale da battaglia neutralizza tutte le ispirazioni ricevute precedentemente. Se il PG incantato da questo rituale compie una qualsiasi azione lesiva l’effetto del rituale termina. Quando per qualsiasi motivo l’effetto del rituale termina, il PG che ha ricevuto il bonus dovrà immediatamente togliere il nastrino rosso dall’armatura e restituirlo quanto prima al ritualista.
Si possono ricevere i benefici di massimo un rituale da battaglia. 

IMPORTANTE: Sarà cura del ritualista durante l’apposizione del nastrino rosso spiegare TUTTI gli effetti di questa abilità.","40","11",,"160","157,159",,,"visibile"
"159","Armoriere da battaglia","Il PG che compra questa abilità può portare con sé un massimo di 3 nastrini rossi (preferibilmente di un materiale morbido come la stoffa); sarà cura del giocatore procurarseli.
Quando il ritualista si trova all’interno di una sua Zona di Meditazione Minore può garantire all’armatura di un altro PG (anch’esso all’interno della Zona) uno dei seguenti bonus fino alla fine del prossimo incontro:
1) Gli arti superiori del PG raddoppiano i propri PA di base (es.: se un PG ha un’armatura media che gli conferisce 3PA alle braccia grazie alle abilità, avrà invece 6PA); l’effetto perdura anche se gli arti superiori vanno a zero PA.
2) Il PG deve (in qualsiasi circostanza si trovi) dichiarare ogni 10 secondi la chiamata “Riparazione!” - la sua armatura ristabilisce 1 PA in ogni locazione; l’effetto dura finché una locazione non scende a zero PA: a quel punto il rituale termina. 
Sull’armatura il ritualista deve applicare un nastrino rosso ben visibile. Il PG che è sottoposto a questo bonus considera i suoi PA totali derivanti solo da abilità che esso possiede. Fintanto che il PG indossa l’armatura con il nastrino non può beneficiare di nessun effetto (indipendentemente dalla fonte) che non sia quello scelto dal ritualista.
Subire una chiamata ISPIRAZIONE sovrascrive l’effetto ricevuto dai rituali da battaglia. Subire un rituale da battaglia neutralizza tutte le ispirazioni ricevute precedentemente. Se l’armatura incantata subisce la chiamata DISINTEGRAZIONE X, l’effetto del rituale termina e non si può più usare per l’incontro in corso. Quando per qualsiasi motivo l’effetto del rituale termina, il PG che ha ricevuto il bonus dovrà immediatamente togliere il nastrino rosso dall’armatura e restituirlo quanto prima al ritualista.
Si possono ricevere i benefici di massimo un rituale da battaglia. 

IMPORTANTE: Sarà cura del ritualista durante l’apposizione del nastrino rosso spiegare TUTTI gli effetti di questa abilità.","40","11",,"160","157,158",,,"visibile"
"160","Recuperatore Arcano","Sei in grado di creare una Zona di Meditazione Minore durante un combattimento. 
Per farlo devi essere obbligatoriamente in possesso di una corda di almeno 3 metri che possa essere posta a cerchio; essa deve essere adornata di prop fisici a tuo gusto personale che rappresentino elementi naturali (sassi, fiori, ossa, etc.).
La Zona si attiva poggiando a terra la “corda” per creare la forma di un cerchio, mettendosi al suo centro e strappando una risorsa specifica (vedi sotto).
Una volta attivata, il ritualista può selezionare un numero di personaggi diversi da sé (es. toccandoli, chiamandoli…) a cui conferire i bonus della Zona di Meditazione Minore in base alla rarità dell’oggetto che ha strappato: 
Polvere rituale (C) - un altro personaggio 
Preziosità rituale (NC) - altri due personaggi 
Gioiello rituale (R) - altri tre personaggi 
Un personaggio gode di questi benefici fintanto che rimane all’interno della Zona.
Se tra questi vi sono dei maghi, essi possono meditare per recuperare frammenti arcani secondo la formula seguente: - 20 sec. per una perlina gialla;
- 30 per una perlina arancione; 
- 40 per una perlina rossa, e così via.
La Zona dura 1 minuto; allo scadere del tempo o alla sua rottura (volontaria o meno) il ritualista deve rimuovere la corda da terra.
Se vuole creare una nuova Zona dovrà farlo ad almeno 10 metri da quella precedente ripetendo l’intero processo descritto sopra.
La Zona è considerata “rotta” nei seguenti casi:
- se il ritualista che ha creato e attivato la Zona esce da essa o va a 0 PF;
- se per qualsiasi motivo la forma a cerchio della corda viene persa o modificata fisicamente;
- se per qualsiasi motivo la corda subisce la chiamata “Disintegrazione Corda!” o “Neutralizza zona di meditazione minore”.

NB: La Zona di Meditazione Minore NON è considerata un'area rituale. Il ritualista che genera la Zona non beneficia dei suoi effetti.","50","11","133,142,1",,,,,"visibile"
"161","Respiro di Thalna","Puoi officiare rituali sacri (messe) come celebrante.","25","14","121","121",,,,"nascosto"
"162","Giudizio di Mantus","Le invocazioni sacre che puoi mantenere attive su di te diventano 4.","25","14",,"42,44",,,,"nascosto"
"164","Riverbero di Armonia","Fintanto che brandisci uno scudo, puoi mimare di parare un incantesimo a distanza o un colpo d’arma da fuoco a distanza indirizzato a te dichiarando “IMMUNE”, utilizzabile una volta per incontro.","35","14","37","162,161,168,165",,,,"nascosto"
"165","Tempra di Veive","Fintanto che indossi un’armatura media o pesante ottieni +1PF addizionale.","25","14",,"41,43",,,,"nascosto"
"168","Sussurro di Lumis","All’inizio di ogni evento ricevi 1 pergamena sacra casuale di terzo/quarto livello in più.","25","14","122","122",,,,"nascosto"
"170","Equilibrio di Luce","Puoi aggiungere la chiamata “SACRO” al normale danno che saresti in grado di fare quando colpisci con un’arma a una mano o un’arma lunga che sei in grado di utilizzare.","35","14","121","162,161,168,165",,,,"nascosto"
"171","Voce di Unione","Puoi strappare una pergamena sacra di livello quattro o superiore per dichiarare “ESPLOSIONE GUARIGIONE”, utilizzabile una volta al giorno.","45","14","131","170,164","172",,,"nascosto"
"172","Lamento di Morte","Fintanto che indossi un’armatura pesante, quando subisci “COMA” puoi dichiarare “CONVERTO” e subire invece sei danni a tutte le locazioni non riducibili in alcun modo.","45","14","43","170,164","171",,,"nascosto"
"173","Specializzazione Marziale","Dopo aver acquistato questa abilità, dovrai scrivere allo STAFF esprimendo una preferenza: un oggetto da abbinare a un’arma (specificando quale), a un’armatura (specificando quale) o a uno scudo (specificando quale).
Ciò che riceverai sarà a discrezione dello STAFF e basato sul tuo personaggio.","25","12","46",,,,,"nascosto"
"174","Sete di Vittoria","Quando, per qualsiasi motivo, il tuo tronco dovesse essere ridotto a zero PF, puoi gridare “NON ORA!” e avrai cinque secondi in cui potrai solo combattere prima di entrare effettivamente in stato di SANGUINANTE, utilizzabile una volta per incontro.","25","12","46",,,,,"nascosto"
"175","Parare con Classe","Dopo aver parato con successo un colpo con il tuo scudo, potrai immediatamente mimare con un lieve gesto di star colpendo con lo scudo la fonte della chiamata e dichiarare BLAM CONFUSIONE, utilizzabile una volta per incontro.","35","12","37","176,175,174,173",,,,"nascosto"
"176","Idolo della Folla","Una volta al giorno, subito dopo aver battuto un avversario in duello o aver vinto un torneo, sei in grado di dichiarare “CHARME” su un massimo di tre bersagli diversi.","25","12","46",,,,,"nascosto"
"177","Scorrettezza","Fingendo di raccogliere della terra, sabbia o pietre dal terreno con una mano e fingendo di lanciare il contenuto in faccia a un bersaglio puoi dichiarare CECITA’, utilizzabile una volta per incontro.","25","12","46",,,,,"nascosto"
"178","Nominare uno Scudiero","Ottieni la possibilità di avere uno Scudiero tramite la formulazione di un giuramento interpretabile secondo il proprio gusto.
Per farlo dovrai chiedere a un altro personaggio in possesso di una qualsiasi abilità MANOVRA con un’arma o USO AVANZATO di un’arma di effettuare un giuramento nei tuoi confronti. Dopodiché dovrete comunicare questo rapporto di affiliazione allo STAFF, che ne prenderà nota.
Il giuramento smette di essere attivo se il Cavaliere decide di scioglierlo o se uno dei due personaggi coinvolti muore. Qualora il giuramento smettesse di essere attivo, , sia il Cavaliere che il suo Scudiero perderanno i benefici descritti di seguito. 
Fintanto che il giuramento è attivo, sia il Cavaliere che lo Scudiero riceveranno una moneta di rame in più come rendita personale a inizio live. Inoltre, una volta per incontro, sia il Cavaliere che il proprio Scudiero potranno toccare l’altra persona per dichiarare NEUTRALIZZA AGGRO.","35","12","46","176,175,174,173",,,,"nascosto"
"179","Duellante Adattativo","Per prendere questa abilità devi avere l'abilità USO AVANZATO DELLE ARMATURE MEDIE oppure USO AVANZATO DELLE ARMATURE PESANTI. 
Se durante un duello ufficiale o un torneo diventi il bersaglio di una chiamata a tempo della durata di 10 secondi, sarai in grado di dichiararla (anche se non ne saresti normalmente in grado) tramite un’arma che sei in grado di utilizzare solo e soltanto con il tuo prossimo colpo.
NB: Questa abilità si innesca anche se sei immune alla relativa chiamata a tempo che ti sta bersagliando.","45","12","37","178,175","180",,,"nascosto"
"180","Invito alla Morte","Per prendere questa abilità devi avere almeno una tra le abilità seguenti: USO AVANZATO ARMI A UNA MANO, MANOVRA: AFFONDARE, USO AVANZATO ARMI LUNGHE, MANOVRA: SPEZZARE. 

Una volta per incontro e una sola volta per torneo, sei in grado di sfidare chiunque a un combattimento all’ultimo sangue indicandolo con un’arma e dichiarando “TI INVITO ALLA MORTE”. L’invito non può essere formulato se si è soggetti ad una chiamata debilitante o se si è già attivamente ingaggiati in un combattimento (se si sta colpendo, parando, etc.).
Se l’invito viene attivamente rifiutato o non viene presa una decisione entro 5 secondi, puoi dichiarare “AGGRO” oppure “TERRORE” solo e soltanto al bersaglio che hai sfidato.
Se l’invito viene accettato in maniera attiva e palese, o se tu stesso decidi di accettare l’invito di un altro personaggio, sei in grado di effettuare la chiamata “COMA” con le tue armi a una mano e le tue armi lunghe solo e soltanto su chi hai sfidato o su chi ti ha sfidato, fino a quando uno di voi due non sarà stato abbattuto.","45","12",NULL,"178,175","179",,,"nascosto"
"181","Estrazione Rapida","Il tempo di lavoro su un campo, un animale, una miniera o una fonte tossica, per estrarre materiali è ridotto a 15 secondi.","25","13","98","121",,,,"nascosto"
"182","Schivatore di Trappole","Quando viene attivata una trappola che come effetto colpirebbe anche te, puoi dichiarare “IMMUNE” a tutte le chiamate sprigionate dalla trappola fingendo di fare un salto indietro, utilizzabile una volta al giorno.","25","13","40","121",,,,"nascosto"
"183","Cercatore","All’inizio di ogni evento ricevi un cartellino freccia casuale.","25","13","28","28,33",,,,"nascosto"
"184","Esperto Cacciatore","Il numero di componenti casuali animali che ricevi all’inizio di ogni evento aumenta a tre.","25","13","77","121",,,,"nascosto"
"185","Occhio di Falco","Dopo aver dichiarato “VISTO” a un bersaglio nascosto, se lo colpisci nel giro di 3 secondi con una freccia o un’arma da lancio, puoi aggiungere la chiamata “DISARMO” a quella che già saresti in grado di fare.","35","13","11","183,184,181,182",,,,"nascosto"
"186","Danzatore dei Boschi","Se hai usato l’abilità DANZATORE negli ultimi 5 secondi, puoi utilizzarla un’altra volta gratuitamente. Non si potrà estendere l’utilizzo dell’abilità a una terza volta, ma il limite sarà sempre e soltanto di due utilizzi.","35","13","89","183,184,181,182",,,,"nascosto"
"187","Temprato dalla Natura","Puoi dichiarare CONVERTO alla chiamata PARALISI e subire al suo posto “ARTEFATTO INTRALCIARE”.","45","13","42","186,185","188",,,"nascosto"
"188","Danzatore Arboreo","Puoi dichiarare “IMMUNE” alla chiamata “INTRALCIARE”.","45","13","186",,"187",,,"nascosto"
"189","Rifiuto della Sconfitta","La durata della chiamata “ARTEFATTO DEBOLEZZA” che subisci quando esci dallo stato di SANGUINANTE è ridotta a 30 secondi.","25","15","49",,,,,"nascosto"
"190","Ripresa Rapida","Quando subisci la chiamata “GUARIGIONE” che ti farebbe uscire dallo stato di SANGUINANTE, puoi dichiarare “CONVERTO” e subire invece “GUARIGIONE GUARIGIONE”.","25","15","9","9,41",,,,"nascosto"
"191","Forza Bruta","Sei in grado di dichiarare CRASH con le armi lunghe, utilizzabile una volta per incontro.","25","15","25",,,,,"nascosto"
"192","Addestramento Primordiale","Una volta comprata questa abilità ti verrà tolto il blocco che ti impedisce di comprare sia l’abilità ADDESTRAMENTO FISICO 3, che l’abilità ARMATURE LEGGERE.","25","15","40",,,,,"nascosto"
"193","Ferocia Primordiale - Volontà d'Acciaio","Per accedere a quest'abilità devi avere l'abilità Addestramento Fisico 2 oppure Armature Medie. 
Fintanto che non indossi un’armatura pesante, quando urlerai “FEROCIA PRIMORDIALE”, entrerai in uno stato di frenesia che comporta le seguenti condizioni: tutte le ISPIRAZIONI tranne una a tua scelta vengono immediatamente rimosse; devi continuare a combattere senza tregua fino alla conclusione del combattimento, attaccando qualsiasi bersaglio visibile, alleato o nemico che sia (se c’è più di un bersaglio puoi scegliere quale attaccare); devi dichiarare IMMUNE alle chiamate CHARME, COMANDO E TERRORE. 
Questo stato termina se perdi coscienza (ad esempio tramite effetti che ti portano in stato Sanguinante, Morente, di Sonno, e così via), se non ci sono più bersagli coscienti a te visibili per circa tre secondi, oppure se subisci la chiamata CECITA’.","35","15","191,9","191,192,189,190",,,,"nascosto"
"194","Ferocia Primordiale - Muscoli d'Acciaio","Per accedere a quest'abilità devi avere l'abilità Addestramento Fisico 2 oppure Armature Medie. 
Fintanto che non indossi un’armatura pesante, quando urlerai “FEROCIA PRIMORDIALE”, entrerai in uno stato di frenesia che comporta le seguenti condizioni: tutte le ISPIRAZIONI tranne una a tua scelta vengono immediatamente rimosse; devi continuare a combattere senza tregua fino alla conclusione del combattimento, attaccando qualsiasi bersaglio visibile, alleato o nemico che sia (se c’è più di un bersaglio puoi scegliere quale attaccare); devi dichiarare IMMUNE alle chiamate A TERRA, PARALISI e SPINTA.
Questo stato termina se perdi coscienza (ad esempio tramite effetti che ti portano in stato Sanguinante, Morente, di Sonno, e così via), se non ci sono più bersagli coscienti a te visibili per circa tre secondi, oppure se subisci la chiamata CECITA’.","35","15",,"192,191,189,190",,,,"nascosto"
"195","Muscolatura Possente","Sei in grado di spostare un personaggio PIETRIFICATO da solo. Inoltre, quando subisci la chiamata “FRATTURA” su una locazione priva di punti armatura puoi dichiarare “IMMUNE”, utilizzabile una volta per incontro (indipendentemente dalla locazione colpita).","45","15","10","194,193","196",,,"nascosto"
"196","Ferocia Primordiale Superiore","Puoi entrare in stato di FEROCIA PRIMORDIALE anche se indossi un’armatura pesante. Inoltre, nell’esatto momento in cui entri in questo stato, puoi decidere di subire la chiamata ARTEFATTO NEUTRALIZZA ISPIRAZIONI per ottenere il seguente beneficio: devi dichiarare CONVERTO alla chiamata MORTALE e subire al suo posto ARTEFATTO COMA.","45","15","44","194,193","195",,,"nascosto"
"197","Ladro Esperto","Ottieni 1 cartellino furto aggiuntivo a inizio evento.","25","16","59",,,,,"nascosto"
"198","Scassinatore Esperto","Sei in grado di scassinare serrature complesse (Rare) in un minuto utilizzando delle prop fisiche che replichino degli attrezzi da scassinatore.","25","16","61",,,,,"nascosto"
"199","Silenzioso","Una volta comprata questa abilità ti verrà tolto il blocco che ti impedisce di comprare sia l’abilità ARMATURE MEDIE, che l’abilità NASCONDERSI 1.","25","16","59","41,12",,,,"nascosto"
"200","Informatore Privato","In fase di segreteria puoi fare una e una sola domanda allo staff relativamente alle informazioni ottenute con VOCI DI STRADA.","25","16","68",,,,,"nascosto"
"201","Se Non Lo Vedi Fa Più Male","Puoi prendere questa abilità se hai MANOVRA: SILENZIARE, oppure USO AVANZATO DELLE ARMI DA LANCIO, oppure USO AVANZATO DELLE ARMI DA FUOCO. 
Dopo aver tenuto per almeno 5 secondi un’arma corta, da lancio o una pistola impugnata nascosta dietro la schiena, il prossimo colpo che effettuerai con essa verso un bersaglio che non è stato in grado di vedere la suddetta arma aggiungerà la chiamata “DOLORE” al normale danno che saresti in grado di effettuare, utilizzabile una volta per incontro.","35","16",,"200,197,198,199",,,,"nascosto"
"202","Io Ti Conosco","In fase di segreteria potrai scegliere di scoprire informazioni relative al personaggio di un altro giocatore. Oltre a selezionare il personaggio, dovrai anche dichiarare un ramo di abilità (armigeri, sotterfugio, mediche…). Ti verrà comunicato quali abilità possiede di quello specifico ramo (non quelle di classe segreta).","35","16","66","200,197,198,199",,,,"nascosto"
"203","Adoperare Pozioni","Puoi “spaccare” una pozione addosso a un bersaglio: per farlo basterà che appoggi la pozione sul torso (davanti o dietro) di un altro personaggio subito dopo averla strappata, così da applicare gli effetti da ingestione relativi, senza far effettivamente ingerire la pozione all’altro personaggio; ciò significa che dovrai dichiarare a voce la chiamata descritta sulla pozione, utilizzabile una volta per incontro.","45","16","67","202,201","204",,,"nascosto"
"204","Attacco Furtivo","Quando sei nello stato di NASCOSTO, puoi attaccare un bersaglio che non abbia dichiarato VISTO nei tuoi confronti, con un’arma corta o un’arma a una mano, e dichiarare “SILENZIO DIRETTO” (senza ulteriori chiamate aggiuntive) e uscire dallo stato di NASCOSTO automaticamente.","45","16","13","202,201","203",,,"nascosto"
"205","Postino Privato","L'abilità MESSAGGERO PRIVATO può rimuovere il costo di una missiva ad un PNG due volte a evento anziché una.","25","17",,,,,,"nascosto"
"206","Mercanteggiare 4","Puoi dichiarare MERCANTEGGIARE 4. Le monete di rame da aggiungere o scontare diventano quattro.","25","17","82",,,,,"nascosto"
"207","Saper Gestire il Proprio Tempo","In fase di assegnazione punti post live ti verrà assegnato un ulteriore Punto Downtime che potrai utilizzare tra un evento e l’altro.","25","17","74",,,,,"nascosto"
"208","Nascondiglio Improprio","I consumabili che puoi evitare di consegnare se perquisito o derubato diventano tre anziché due.","25","17","70",,,,,"nascosto"
"209","Fornitori","Ogni evento ricevi in busta PG un oggetto finito Comune o Non Comune casuale (non droghe).","35","17","63","206,208,205,207",,,,"nascosto"
"210","Tratto Solo Alle Mie Condizioni","Quando subisci la chiamata CHARME puoi decidere di donare immediatamente (entro massimo 3 secondi) una moneta di rame alla fonte che sta cercando di affascinarti, a patto che la fonte non sia un oggetto o un effetto ambientale. Se lo fai, puoi dichiarare IMMUNE a CHARME. Se la fonte della chiamata si rifiuta di prendere la moneta, puoi decidere di lanciarla ai suoi piedi e di attivare ugualmente questa abilità.","35","17","64","206,208,205,207",,,,"nascosto"
"211","Banca Vivente","La tua rendita monetaria diventa un oro. Sostituisce le rendite di MERCANTE, BOTTEGAIO e COMPAGNIA MERCANTILE e non si somma alle rendite monetarie di altre abilità.","45","17","76,206","209,210","211",,,"nascosto"
"212","Proprietario Terriero","Da ora in avanti potrai utilizzare le tue azioni di Down Time per comprare un lotto e svilupparlo come meglio credi. Queste azioni di Down Time sono considerate speciali e dovrai descrivere ciò che fai in maniera precisa affinché le si possa gestire al meglio, o in alternativa contattare direttamente lo Staff.","45","17","207,76","209,210","211",,,"nascosto"
"213","Mi Conoscono Ovunque","Grazie alla tua fama puoi accedere ad alcune aree speciali.","25","18","63",,,,,"nascosto"
"214","Ho Sentito delle Voci","All’inizio di ogni evento ricevi delle informazioni aggiuntive riguardo a personaggi illustri o di spicco.","25","18","68",,,,,"nascosto"
"215","Non Morirò in Silenzio","Quando subisci un colpo che ti farebbe entrare in stato di SANGUINANTE, puoi urlare fino a 3 parole entro massimo tre secondi prima di perdere effettivamente coscienza.","25","18","9",,,,,"nascosto"
"216","Casanova","L’abilità SEDUTTORE richiede trenta secondi anziché un minuto.","25","18","95",,,,,"nascosto"
"217","Conosco un Tizio","Una volta per evento puoi recarti in sala Staff e richiedere di “riscuotere un favore”: dovrai formulare una specifica richiesta e dichiarare anche quale PNG vorresti interpellare. Sarà poi lo Staff a valutare cosa accadrà. Ti potrà essere richiesto di offrire un pagamento nel caso in cui si renda necessario mandare una missiva.","35","18","63","216,214,213,215",,,,"nascosto"
"218","Voce Persuasiva","L’abilità TENERSI LA PELLACCIA diventa: una volta per INCONTRO puoi buttarti in ginocchio davanti a un bersaglio che ti vuole nuocere e implorare con le mani giunte per la salvezza della tua vita, devi dire “SONO TROPPO GIOVANE PER MORIRE”. Dopodiché, puoi dichiarare “CHARME” indicando un qualsiasi PG entro dieci metri  (ma non un mob).","35","18","96","216,214,213,215",,,,"nascosto"
"219","Impossibile da Ammaliare","Puoi dichiarare ""IMMUNE"" alla chiamata “CHARME”, utilizzabile una volta per incontro.","45","18","91,95","217,218","220",,,"nascosto"
"220","Nessuno Mi Dice Cosa Fare","Puoi dichiarare ""IMMUNE"" alla chiamata “COMANDO”, utilizzabile una volta per incontro.","45","18","91,96","217,218","219",,,"nascosto"
"221","Medico Veterano","All’inizio di ogni evento, se per via dell’effetto dell’abilità ISCRITTO all’ALBO hai deciso di ottenere un componente per farmaci o un componente per antidoti, ne ricevi uno addizionale.","25","19","58",,,,,"nascosto"
"222","Medico Legale","Puoi strappare l’angolino dei cartellini cadavere PG. Dopodiché simulando per cinque minuti di effettuare un'indagine o un'autopsia esclusivamente sul cartellino cadavere cui hai strappato l’angolo, ti verrà comunicata la causa della morte da un membro Staff. I dettagli che ti verranno forniti dipendono dalle altre abilità che possiedi.","25","19","48",,,,,"nascosto"
"223","Esperto Rattoppatore","Se stai curando due PG posti uno accanto all’altro a distanza massima di mezzo metro, puoi usare una sola pezza medica per guarirli. Su entrambi dichiari la chiamata massima di “GUARIGIONE” che sei in grado di fare. 
Nota bene: dovrai medicare con metà di una pezza medica uno dei due PG e con l’altra metà l’altro personaggio (senza dover sfilare l’ago).","25","19","51",,,,,"nascosto"
"224","Salasso Migliorato","Puoi dichiarare NEUTRALIZZA TORMENTO bruciando un solo cartellino SANGUISUGA.","25","19","57",,,,,"nascosto"
"225","Anestesista","Somministrando una droga a un PG si bloccano tutti gli effetti delle malattie che lo riguardano, tranne le specifiche di contagio. Si dovrà esplicitare al PG in questione: “Gli effetti delle malattie che ti riguardano sono sospesi fino a fine giornata. Subisci l’effetto del cartellino droga"". Successivamente dovrai comunicare ad un membro Staff quanto avvenuto.","35","19","48","223,222,221,224",,,,"nascosto"
"226","Esperto di Fratture","Puoi dichiarare ""NEUTRALIZZA TUTTE LE FRATTURE"" dopo aver strappato un cartellino ""Anestetico"" e aver simulato di spalmare un unguento su tutte le locazioni con entrambe le mani.","35","19","50","223,222,221,224",,,,"nascosto"
"227","Primario Chirurgo","Puoi allestire un'area speciale ""Ospedale da campo"" approvata dallo Staff. Fintanto che sei all'interno di quest’area, quando utilizzi una pezza medica per guarire un PG dichiari due volte la chiamata massima di GUARIGIONE che sei in grado di fare.","45","19","52","225,226","228",,,"nascosto"
"228","Primario Medico","Puoi allestire un'area speciale ""Ospedale da campo"" approvata dallo Staff. Fintanto che sei all'interno dell'area applichi i seguenti bonus: se indossi “guanti” e “mascherina” (anche non cartellinati) sei immune alle malattie; quando effettui sperimentazioni per craftare farmaci il tuo bonus è aumentato del 5%.","45","19","55","225,226","227",,,"nascosto"
"229","Riciclatore Esperto","Puoi usare l’abilità RICICLO ARCANO due volte all’inizio di ogni evento.","25","20","144",,,,,"nascosto"
"230","Sintonia Rituale","Puoi officiare rituali utilizzando due componenti in meno rispetto a quanto richiesto dal rituale, a partire dai più comuni di rarità. Se più officianti sono in possesso di questa abilità, si applica comunque una sola volta. Questa abilità non è utilizzabile per scontare l’ultimo e/o gli ultimi due ingredienti necessari.","25","20","150",,,,,"nascosto"
"231","Sboccio Arcano","Ricevi una Preziosità Rituale (Non Comune) a evento.","25","20","156",,,,,"nascosto"
"232","Scudo Etereo","Puoi dichiarare “IMMUNE” a un danno singolo (CHOP, BLAM, FUOCO, ACIDO, SANGUIS, ARGENTO, EMPIO, SACRO) proveniente da una qualsiasi fonte, utilizzabile una volta per incontro.","25","20","40",,,,,"nascosto"
"233","Stabilità Superiore","L’abilità STABILITA’ ARCANA diventa: 
Sei in grado di rendere i tuoi rituali più resistenti alle interferenze.  Durante un rituale di cui sei l'officiante (o uno degli officianti) puoi dichiarare IMMUNE ad una e una sola chiamata (anche ad area) di cui sei bersaglio.","35","20","151","229,231,232,230",,,,"nascosto"
"234","Arcanista","Il mago accede al quinto livello di potere arcano. Ottieni due pergamene incantesimo casuali, una di quarto e una di quinto livello. Ricevi una perlina (verde) “incantesimo LIVELLO 5” per il tuo braccialetto arcano. La prima parte della formulazione magica è: ""Attingo alla Trama Superiore del Quinto Arcano"".","45","20","135","236,235,233","237",,,"nascosto"
"235","Formula Velocizzata","Puoi usare questa “formula magica” al posto di quella che già conosci: per incantesimi di livello 1,2 e 3 ""Attingo alla Trama"" e per incantesimi di livello 4 e 5 ""Attingo alla Trama Superiore"". NOTA BENE: La terza parte della formulazione magica rimane invariata.","35","20","134","229,231,232,230",,,,"nascosto"
"236","Warlock","I tuoi incantesimi di livello 1, 2 e 3 che hanno la dicitura “bersaglio singolo” vengono considerati d’ora in poi aventi la dicitura “fino a due bersagli”.","35","20","134,145","231,230,229,232","237",,,"nascosto"
"237","Incantesimo Personale","Puoi creare una pergamena magica che tu e soltanto tu potrai avere. Questa verrà considerata a tutti gli effetti di quarto livello. Non appena la riceverai potrai attaccarla gratuitamente sul tuo Grimorio. Quando compri questa abilità dovrai scrivere allo Staff per fare la tua proposta di pergamena magica affinché troviate un accordo.","45","20","135,145","235,233,236","234",,,"nascosto"
"238","Riserva Privata","All’inizio di ogni evento ottieni due ingredienti casuali.","25","21",,"77,79,78",,,,"nascosto"
"239","Creatore di Lista","L’abilità RICERCATORE ti permette di richiedere due ricette casuali anziché una.","25","21","115","77,79,78",,,,"nascosto"
"240","Fabbro","Ogni 10 secondi di lavoro su un’armatura, puoi dichiarare “RIPARAZIONE, RIPARAZIONE, RIPARAZIONE” e ristabilire 3 PA ad ogni locazione dell’armatura. Allo stesso modo puoi dichiarare RIPARAZIONE su uno scudo non cartellinato. Se subisci una chiamata a cui non sei immune durante la riparazione, essa viene interrotta e devi ricominciare da capo.","25","21","119","77,79,78",,,,"nascosto"
"241","Conosco i Miei Prodotti","Quando provi a vendere un oggetto che hai prodotto durante la giornata, sei IMMUNE alla chiamata “MERCANTEGGIARE X” fintanto che nemmeno tu la dichiari durante la trattativa.","25","21",,"105,101,107,103,99,109,54",,,,"nascosto"
"242","Sperimentatore Esperto","Aumenta la percentuale di riuscita di ARTISTA dal 20% al 40%.","35","21","113","241,239,240,238",,,,"nascosto"
"243","Esperto Artigiano","Se stai per produrre un oggetto di rarità Non Comune, ne crei invece due. Devi dichiarare di avere questa abilità ogni volta che crei o sperimenti qualcosa di tale rarità.","35","21","97","241,239,240,238",,,,"nascosto"
"244","Attento alle Risorse","Quando fallisci una sperimentazione riesci a recuperare un ingrediente a scelta (ti verrà ridato dallo Staff). Tutti gli altri ingredienti invece verranno normalmente perduti.","45","21","116","243,242","245",,,"nascosto"
"245","Smantellatore","Puoi recarti in Zona Crafting e fingendo di lavorare 5 minuti su un oggetto finito di una classe di Crafting di cui possiedi l’abilità LAVORANTE,puoi “consumarlo” (perdendo dunque il cartellino) per ottenere le risorse che lo compongono e la relativa ricetta.","45","21","116","243,242","244",,,"nascosto"
