"id","nome","alla_creazione","status"
"1","Generiche","1","visibile"
"2","Sopravvivenza","1","visibile"
"3","Armigeri","1","visibile"
"4","Mediche","1","visibile"
"5","Sotterfugio","1","visibile"
"6","Mercantili","1","visibile"
"7","Intrattenimento","1","visibile"
"8","Crafting","1","visibile"
"9","Sacre","1","visibile"
"10","Arcane","1","visibile"
"11","Rituali","1","visibile"
"12","Classe Segreta - Cavalieri","0","nascosto"
"13","Classe Segreta - Raminghi","0","nascosto"
"14","Classe Segreta - Fulgenti","0","nascosto"
"15","Classe Segreta - Berserker","0","nascosto"
"16","Classe Segreta - Sussurri","0","nascosto"
"17","Classe Segreta - Mercanti","0","nascosto"
"18","Classe Segreta - VIP","0","nascosto"
"19","Classe Segreta - Medici","0","nascosto"
"20","Classe Segreta - Incantatori","0","nascosto"
"21","Classe Segreta - Artigiani","0","nascosto"
