"id","nome","descrizione","descrizione_completa","data_evento","scadenza_iscrizioni","luogo_evento","link_facebook","costo_evento","immagine","note_master","status"
"4","Nuova Frontiera","Primo Live della Campagna ""Nuova Frontiera"" dell'Associazione Culturale Arcana Domine Gioco di Ruolo dal Vivo
8/9 Giugno 2024 - Base Scout Sangam Bovolone, Località Campagne, 37051, Bovolone (VR)","<p>PAGAMENTO ONLINE!</p><p>Il live ha il costo di 25€ costo dell'evento + 10€ iscrizione associazione obbligatoria per partecipare (anno 2024, per chi non fosse già iscritto regolarmente all'associazione).</p><p>-Come posso pagare? Per ora i pagamenti possono essere effettuati solo via Paypal sul portale. Una volta creato il personaggio e ricevuta l'approvazione, si iscriverà all'evento in corso e poi si potrà procedere con il pagamento via Paypal, specificando nella casuale il nome del giocatore pagante. Chiediamo inoltre di inviare un'email allo staff: nuovafrontieralive.info@gmail.com con la foto/screenshot/scannerizzazione/pdf del pagamento effettuato, specificando nella mail quanto pagano i singoli giocatori. Una volta inviata l'email con l'avvenuto pagamento, attendete conferma della ricezione della stessa. In caso contrario ricontattate lo staff per chiedere la giusta ricezione della mail.</p><p>-Se non ho Paypal? Puoi affidarti a qualche amico o conoscente che partecipa, basta che si effettuino pagamenti separati di modo che risulti un nominativo per ogni pagamento.&nbsp;</p><p>-Non sono iscritto all'Ass. Arcana Domine ed è la prima volta che gioco, come faccio? Puoi provvedere al pagamento della somma di 10€ (comprensiva di assicurazione annuale) sempre tramite Paypal specificando nella causale ""Iscrizione all'Associazione Arcana Domine"" (se vi iscrivete anche all'evento specificatelo nella causale). Ricordiamo che l'iscrizione all'associazione è da effettuare tramite sito, al seguente indirizzo: https://www.arcanadomine.it/</p><p><br></p><p>ORARI SABATO:</p><p>Segreteria 10:30 -&gt; 12:00 - Orario di inizio: 13:00 - Orario di fine: 24:00</p><p>ORARI DOMENICA:</p><p>Segreteria 10:30 -&gt; 11:00 - Orario di inizio (in gioco automatico): 11:00 - Orario di fine: 17:00</p><p><br></p><p>ATTENZIONE!</p><p>Il termine ultimo per iscrizione, pagamento, invio di nuovi personaggi o modifiche dello stesso sono da fare entro e non oltre la mezzanotte del 26 Maggio 2024. Controllate di aver effettuato sia il pagamento che l'iscrizione.&nbsp;</p><p>Tutte le modifiche e le iscrizioni dei propri personaggi sono da fare tramite il portale: https://nuovafrontiera.arcanadomine.it</p><p><br></p><p>AVVISI:</p><p>Chiediamo ai fumatori di fumare nelle apposite aree e di non lasciare in giro mozziconi. In generale, chiediamo attenzione alla cura della location. Vige la regola di occuparsi autonomamente dei propri rifiuti, i quali andranno riportati e smaltiti al proprio domicilio al fine di evitare di saturare i cestini della location.</p><p>I pasti sono al sacco e a carico dei singoli partecipanti. In questa location vi è la possibilità di utilizzare la cucina della base, ma chi la usa dovrà provvedere anche alla sua pulizia e a lasciarla come l'ha trovata. Chi ha intenzione di usare la cucina, è pregato di segnarlo nella sezione ""note"" al momento dell'iscrizione.</p><p>Per dormire sono disponibili 27 posti letto, da prenotare nella sezione ""note"" al momento dell'iscrizione all'evento. Si potrà in alternativa campeggiare con tende al momento del fuorigioco nelle aree che provvederemo ad indicarvi.</p><p>Se qualcuno desidera dare una mano per la pulizia location a fine live, è pregato di segnalarlo sempre nella sezione note e verrà contattato privatamente in un momento successivo.</p>","2024-06-08","2024-05-26","Base Scout Sangam Bovolone, Località Campagne, 37051, Bovolone (VR)","https://www.facebook.com/events/820667490106898?ref=newsfeed","25",NULL,,"visibile"
"6","Orgoglio e Rigore","Secondo Live della Campagna ""Nuova Frontiera"" dell'Associazione Culturale Arcana Domine Gioco di Ruolo dal Vivo
26/27 Ottobre 2024 - Forte San Briccio, Via della Liberazione, 29, 37030 San Briccio VR","<p>PAGAMENTO ONLINE!</p><p>Il live ha il costo di 25€ costo dell'evento + 10€ iscrizione associazione obbligatoria per partecipare (anno 2024, per chi non fosse già iscritto regolarmente all'associazione).</p><p>-Come posso pagare? Per ora i pagamenti possono essere effettuati solo via Paypal sul portale. Una volta creato il personaggio e ricevuta l'approvazione, si iscriverà all'evento in corso e poi si potrà procedere con il pagamento via Paypal, specificando nella casuale il nome del giocatore pagante. Chiediamo inoltre di inviare un'email allo staff: nuovafrontieralive.info@gmail.com con la foto/screenshot/scannerizzazione/pdf del pagamento effettuato, specificando nella mail quanto pagano i singoli giocatori. Una volta inviata l'email con l'avvenuto pagamento, attendete conferma della ricezione della stessa. In caso contrario ricontattate lo staff per chiedere la giusta ricezione della mail.</p><p>-Se non ho Paypal? Puoi affidarti a qualche amico o conoscente che partecipa, basta che si effettuino pagamenti separati di modo che risulti un nominativo per ogni pagamento.&nbsp;</p><p>-Non sono iscritto all'Ass. Arcana Domine ed è la prima volta che gioco, come faccio? Puoi provvedere al pagamento della somma di 10€ (comprensiva di assicurazione annuale) sempre tramite Paypal specificando nella causale ""Iscrizione all'Associazione Arcana Domine"" (se vi iscrivete anche all'evento specificatelo nella causale). Ricordiamo che l'iscrizione all'associazione è da effettuare tramite sito, al seguente indirizzo: https://www.arcanadomine.it/</p><p><br></p><p>ORARI SABATO:</p><p>Segreteria 10:30 -&gt; 12:00 - Orario di inizio: 13:00 - Orario di fine: 24:00</p><p>ORARI DOMENICA:</p><p>Segreteria 10:30 -&gt; 11:00 - Orario di inizio (in gioco automatico): 11:00 - Orario di fine: 17:00</p><p><br></p><p>ATTENZIONE!</p><p>Il termine ultimo per iscrizione, pagamento, invio di nuovi personaggi o modifiche dello stesso sono da fare entro e non oltre la mezzanotte del 20 Ottobre 2024. Controllate di aver effettuato sia il pagamento che l'iscrizione.&nbsp;</p><p>Tutte le modifiche e le iscrizioni dei propri personaggi sono da fare tramite il portale: https://nuovafrontiera.arcanadomine.it</p><p><br></p><p>AVVISI:</p><p>Chiediamo ai fumatori di fumare nelle apposite aree e di non lasciare in giro mozziconi. In generale, chiediamo attenzione alla cura della location. Vige la regola di occuparsi autonomamente dei propri rifiuti, i quali andranno riportati e smaltiti al proprio domicilio al fine di evitare di saturare i cestini della location.</p><p>I pasti sono al sacco e a carico dei singoli partecipanti. La struttura non offre cucina.&nbsp;</p><p>La struttura non offre posto per il pernotto in nessuna forma (nè tende nè letti): consigliamo una ricerca sui B&amp;B e gli Hotel attorno alla location.&nbsp;</p><p><br></p><p>Se qualcuno desidera dare una mano per la pulizia location a fine live, è pregato di segnalarlo sempre nella sezione note e verrà contattato privatamente in un momento successivo.</p>","2024-10-26","2024-10-20","Forte San Briccio - Via della Liberazione, 29, 37030 San Briccio VR","https://fb.me/e/6FgkEAmmZ","25",NULL,,"visibile"
"7","Regalo di Natale!","Assegnati a tutti i PG 30px come regalo per Natale 2024",,"2024-12-25","2024-12-25","Virtuale","Virtuale","0",NULL,,"visibile"
"8","Selva e Pace","Terzo Live della Campagna ""Nuova Frontiera"" dell'Associazione Culturale Arcana Domine Gioco di Ruolo dal Vivo
3/4 Maggio 2025 - Bosco di Bandiziol, Località Bosco - 30029 San Stino Di Livenza (VE)","<p>PAGAMENTO ONLINE!</p><p>Il live ha il costo di 25€ costo dell'evento + 10€ iscrizione associazione obbligatoria per partecipare (anno 2025, per chi non fosse già iscritto regolarmente all'associazione).</p><p>-Come posso pagare? Per ora i pagamenti possono essere effettuati solo via Paypal sul portale. Una volta creato il personaggio e ricevuta l'approvazione, si iscriverà all'evento in corso e poi si potrà procedere con il pagamento via Paypal, specificando nella casuale il nome del giocatore pagante. Chiediamo inoltre di inviare un'email allo staff: nuovafrontieralive.info@gmail.com con la foto/screenshot/scannerizzazione/pdf del pagamento effettuato, specificando nella mail quanto pagano i singoli giocatori. Una volta inviata l'email con l'avvenuto pagamento, attendete conferma della ricezione della stessa. In caso contrario ricontattate lo staff per chiedere la giusta ricezione della mail.</p><p>-Se non ho Paypal? Puoi affidarti a qualche amico o conoscente che partecipa, basta che si effettuino pagamenti separati di modo che risulti un nominativo per ogni pagamento.&nbsp;</p><p>-Non sono iscritto all'Ass. Arcana Domine ed è la prima volta che gioco, come faccio? Puoi provvedere al pagamento della somma di 10€ (comprensiva di assicurazione annuale) sempre tramite Paypal specificando nella causale ""Iscrizione all'Associazione Arcana Domine"" (se vi iscrivete anche all'evento specificatelo nella causale). Ricordiamo che l'iscrizione all'associazione è da effettuare tramite sito, al seguente indirizzo: https://www.arcanadomine.it/</p><p><br></p><p>ORARI SABATO:</p><p>Segreteria 10:30 -&gt; 12:00 - Orario di inizio: 13:00 - Orario di fine: 24:00</p><p>ORARI DOMENICA:</p><p>Segreteria 10:30 -&gt; 11:00 - Orario di inizio (in gioco automatico): 11:00 - Orario di fine: 17:00</p><p><br></p><p>ATTENZIONE! TERMINI E SCADENZE</p><p>13 Aprile - Termine invio Azioni Downtime ""Missiva a PG"" e ""Missiva a PNG""</p><p>20 Aprile - Termine invio altre Azioni Downtime</p><p>27 Aprile - Termine iscrizioni all'evento, pagamento, invio di nuovi personaggi o modifiche dello stesso. Controllate di aver effettuato sia il pagamento che l'iscrizione.&nbsp;</p><p>Tutte le operazioni elencate sono da fare tramite il portale: https://nuovafrontiera.arcanadomine.it</p><p><br></p><p>AVVISI:</p><p>Chiediamo ai fumatori di fumare nelle apposite aree e di non lasciare in giro mozziconi. In generale, chiediamo attenzione alla cura della location. Vige la regola di occuparsi autonomamente dei propri rifiuti, i quali andranno riportati e smaltiti al proprio domicilio al fine di evitare di saturare i cestini della location.</p><p>I pasti sono al sacco e a carico dei singoli partecipanti. La struttura non offre cucina.&nbsp;</p><p>La struttura non offre posto per il pernotto se non tramite tende in zona che verrà indicata dallo Staff sul posto.&nbsp;</p><p><br></p><p>Se qualcuno desidera dare una mano per la pulizia location a fine live, è pregato di segnalarlo sempre nella sezione note e verrà contattato privatamente in un momento successivo.</p>","2025-05-03","2025-04-27","Bosco di Bandiziol, Località Bosco - 30029 San Stino Di Livenza (VE)","https://www.facebook.com/events/1675845389950017","25",NULL,,"visibile"
"9","Echi dall'Abisso","Quarto Live della Campagna ""Nuova Frontiera"" dell'Associazione Culturale Arcana Domine Gioco di Ruolo dal Vivo
19/20 Luglio 2025 - Forte Ardietti Località Mano di Ferro, 46040 Ponti sul Mincio (MN)","<p>PAGAMENTO ONLINE!</p><p>Il live ha il costo di 25€ costo dell'evento + 10€ iscrizione associazione obbligatoria per partecipare (anno 2025, per chi non fosse già iscritto regolarmente all'associazione).</p><p>-Come posso pagare? Per ora i pagamenti possono essere effettuati solo via Paypal sul portale. Una volta creato il personaggio e ricevuta l'approvazione, si iscriverà all'evento in corso e poi si potrà procedere con il pagamento via Paypal, specificando nella casuale il nome del giocatore pagante. Chiediamo inoltre di inviare un'email allo staff: nuovafrontieralive.info@gmail.com con la foto/screenshot/scannerizzazione/pdf del pagamento effettuato, specificando nella mail quanto pagano i singoli giocatori. Una volta inviata l'email con l'avvenuto pagamento, attendete conferma della ricezione della stessa. In caso contrario ricontattate lo staff per chiedere la giusta ricezione della mail.</p><p>-Se non ho Paypal? Puoi affidarti a qualche amico o conoscente che partecipa, basta che si effettuino pagamenti separati di modo che risulti un nominativo per ogni pagamento. </p><p>-Non sono iscritto all'Ass. Arcana Domine ed è la prima volta che gioco, come faccio? Puoi provvedere al pagamento della somma di 10€ (comprensiva di assicurazione annuale) sempre tramite Paypal specificando nella causale ""Iscrizione all'Associazione Arcana Domine"" (se vi iscrivete anche all'evento specificatelo nella causale). Ricordiamo che l'iscrizione all'associazione è da effettuare tramite sito, al seguente indirizzo: https://www.arcanadomine.it/</p><p><br></p><p>ORARI SABATO:</p><p>Segreteria 10:30 -> 12:00 - Orario di inizio: 13:00 - Orario di fine: 24:00</p><p>ORARI DOMENICA:</p><p>Segreteria 10:30 -> 11:00 - Orario di inizio (in gioco automatico): 11:00 - Orario di fine: 17:00</p><p><br></p><p>ATTENZIONE! TERMINI E SCADENZE</p><p>22 Giugno - Termine invio Azioni Downtime ""Missiva a PG"" e ""Missiva a PNG""</p><p>29 Giugno- Termine invio altre Azioni Downtime</p><p>06 Luglio - Termine iscrizioni all'evento, pagamento, invio di nuovi personaggi o modifiche dello stesso. Controllate di aver effettuato sia il pagamento che l'iscrizione. </p><p>Tutte le operazioni elencate sono da fare tramite il portale: https://nuovafrontiera.arcanadomine.it</p><p><br></p><p>AVVISI:</p><p>Chiediamo ai fumatori di fumare nelle apposite aree e di non lasciare in giro mozziconi. In generale, chiediamo attenzione alla cura della location. Vige la regola di occuparsi autonomamente dei propri rifiuti, i quali andranno riportati e smaltiti al proprio domicilio al fine di evitare di saturare i cestini della location.</p><p>I pasti sono al sacco e a carico dei singoli partecipanti. La struttura non offre cucina. </p><p>La struttura non offre posto per il pernotto, neanche tramite zona tende. </p><p>Se qualcuno desidera dare una mano per la pulizia location a fine live, è pregato di segnalarlo sempre nella sezione note e verrà contattato privatamente in un momento successivo.</p>","2025-07-19","2025-07-06","Località Mano di Ferro, 46040 Ponti sul Mincio MN","https://www.facebook.com/events/918898090334960?acontext=%7B%22event_action_history%22%3A[]%7D","25",NULL,,"visibile"
"10","Guarda il Cielo","Quinto Live della Campagna ""Nuova Frontiera"" dell'Associazione Culturale Arcana Domine Gioco di Ruolo dal Vivo
17/18/19 Ottobre 2025 – Casa per Ferie Aldo Braida (conosciuta anche come Villaggio Scout Cuel dal Nibli), Via Aldo Braida, 1 Cesclans (UD)","<p class=""MsoNormal"" style=""margin-bottom:0cm;line-height:normal"">PAGAMENTO ONLINE!<o:p></o:p></p><p class=""MsoNormal"" style=""margin-bottom:0cm;line-height:normal"">Il live sarà composto da tre giornate anziché due: Venerdì, Sabato e Domenica. Per chi partecipa tutti e tre i giorni il prezzo è di 40€, per chi invece verrà solo Sabato e Domenica il prezzo è di 35€. A questi sono da aggiungersi 10€ iscrizione associazione obbligatoria per partecipare (anno 2025, per chi non fosse già iscritto regolarmente all'associazione).</p><p class=""MsoNormal"" style=""margin-bottom:0cm;line-height:normal"">-Come posso pagare? Per ora i pagamenti possono essere effettuati solo via Paypal sul portale. Una volta creato il personaggio e ricevuta l'approvazione, si iscriverà all'evento in corso e poi si potrà procedere con il pagamento via<br><br /><br /><br /><br /><br /><br /><br />
Paypal, specificando nella casuale il nome del giocatore pagante. Chiediamo inoltre di inviare un'email allo staff: nuovafrontieralive.info@gmail.com con la foto/screenshot/scannerizzazione/pdf del pagamento effettuato, specificando nella mail quanto pagano i singoli giocatori. Una volta inviata l'email con l'avvenuto pagamento, attendete conferma della ricezione della stessa. In caso contrario ricontattate lo staff per chiedere la giusta ricezione della mail.<o:p></o:p></p><p class=""MsoNormal"" style=""margin-bottom:0cm;line-height:normal"">-Se non ho Paypal? Puoi affidarti a qualche amico o conoscente che partecipa, basta che si effettuino pagamenti separati di modo che risulti un nominativo per ogni pagamento. <o:p></o:p></p><p class=""MsoNormal"" style=""margin-bottom:0cm;line-height:normal"">-Non sono iscritto all'Ass. Arcana Domine ed è la prima volta che gioco, come faccio? Puoi provvedere al pagamento della somma di 10€ (comprensiva di assicurazione annuale) sempre tramite Paypal specificando nella causale ""Iscrizione all'Associazione Arcana Domine"" (se vi iscrivete anche all'evento specificatelo nella causale). Ricordiamo che l'iscrizione all'associazione è da effettuare tramite sito, al seguente indirizzo: https://www.arcanadomine.it/<o:p></o:p></p><p class=""MsoNormal"" style=""margin-bottom:0cm;line-height:normal""><o:p> </o:p></p><p class=""MsoNormal"" style=""margin-bottom:0cm;line-height:normal"">ORARI VENERDI’:<br>Segreteria: dalle 18:00 - Orario di inizio: 20:00 – Orario di fine 02:00 <o:p></o:p></p><p class=""MsoNormal"" style=""margin-bottom:0cm;line-height:normal"">ORARI SABATO:<o:p></o:p></p><p class=""MsoNormal"" style=""margin-bottom:0cm;line-height:normal"">Segreteria dalle 10:00 - Orario di inizio: 10:30 - Orario di fine: 02:00<o:p></o:p></p><p class=""MsoNormal"" style=""margin-bottom:0cm;line-height:normal"">ORARI DOMENICA:<o:p></o:p></p><p class=""MsoNormal"" style=""margin-bottom:0cm;line-height:normal"">Segreteria dalle 10:00 - Orario di inizio: 10:30 - Orario di fine: 17:00<o:p></o:p></p><p class=""MsoNormal"" style=""margin-bottom:0cm;line-height:normal""><o:p> </o:p></p><p class=""MsoNormal"" style=""margin-bottom:0cm;line-height:normal"">ATTENZIONE! TERMINI E SCADENZE<o:p></o:p></p><p class=""MsoNormal"" style=""margin-bottom:0cm;line-height:normal"">Per questo evento NON ci sarà possibilità di mandare MISSIVE o di fare AZIONI DOWNTIME in<br><br /><br /><br /><br /><br /><br /><br />
generale. <o:p></o:p></p><p class=""MsoNormal"" style=""margin-bottom:0cm;line-height:normal"">05 Ottobre -Termine iscrizioni all'evento, pagamento, invio di nuovi personaggi o modifiche<br><br /><br /><br /><br /><br /><br /><br />
dello stesso. Controllate di aver effettuato sia il pagamento che l'iscrizione<br><br /><br /><br /><br /><br /><br /><br />
e mandatecene notifica. <o:p></o:p></p><p class=""MsoNormal"" style=""margin-bottom:0cm;line-height:normal"">Tutte le operazioni elencate sono da fare tramite il portale: https://nuovafrontiera.arcanadomine.it<o:p></o:p></p><p class=""MsoNormal"" style=""margin-bottom:0cm;line-height:normal""><o:p> </o:p></p><p class=""MsoNormal"" style=""margin-bottom:0cm;line-height:normal"">AVVISI:<o:p></o:p></p><p class=""MsoNormal"" style=""margin-bottom:0cm;line-height:normal"">Chiediamo ai fumatori di fumare nelle apposite aree e di non lasciare in giro mozziconi. In generale, chiediamo attenzione alla cura della location. Vige la regola di occuparsi autonomamente dei propri rifiuti, i quali andranno riportati e smaltiti al proprio domicilio al fine di evitare di saturare i cestini della location.<o:p></o:p></p><p class=""MsoNormal"" style=""margin-bottom:0cm;line-height:normal"">I pasti sono al sacco e a carico dei singoli partecipanti, ma la location offre frigoriferi e cucina utilizzabili. <o:p></o:p></p><p class=""MsoNormal"" style=""margin-bottom:0cm;line-height:normal"">La struttura offre posto per il pernotto nella forma di casette con posti letto, bagni e docce. È assolutamente vietato l’uso di tende all’interno di tutta la location, anche nella zona macchine. ATTENZIONE: i posti letto nelle casette sono<br><br /><br /><br /><br /><br /><br /><br />
limitati (58) quindi quando pagate segnate nelle note se prenotate il posto; la regola è che chi primo arriva meglio alloggia, ma avvisiamo che daremo priorità a chi viene da più lontano. Per chi prenota il posto letto, è obbligatorio<br><br /><br /><br /><br /><br /><br /><br />
portarsi lenzuolo e federa o sacco a pelo da usare, assieme alla biancheria da bagno. Inoltre, chi farà uso del letto verrà smistato dallo Staff nelle differenti casette a seconda delle disponibilità: se avete preferenze o necessità specifiche segnalatelo nelle note o avvisateci e faremo tutto il possibile per accontentarvi. <o:p></o:p></p><p>Se qualcuno desidera dare una mano per la pulizia location a fine live, è pregato di segnalarlo sempre nella sezione note e verrà contattato privatamente in un momento successivo.</p>","2025-10-17","2025-10-05","Casa per Ferie Aldo Braida / Villaggio Scout Cuel dal Nibli, Via Aldo Braida, 1 Cesclans (UD)","https://www.facebook.com/events/1698712404145433?acontext=%7B%22event_action_history%22%3A[%7B%22extra_data%22%3A%22%22%2C%22mechanism%22%3A%22surface%22%2C%22surface%22%3A%22create_dialog%22%7D%2C%7B%22extra_data%22%3A%22%22%2C%22mechanism%22%3A%22left_r","40",NULL,,"visibile"
"12","Sacro e Profano","Sesto Live della Campagna ""Nuova Frontiera"" dell'Associazione Culturale Arcana Domine Gioco di Ruolo dal Vivo
14-15 Marzo 2026 – Forte Santa Viola, Via Santa Viola, 1, 37023 Grezzana (VR)","<p>PAGAMENTO ONLINE!</p><p>Il live ha il costo di 25€ costo dell'evento + 10€ iscrizione associazione obbligatoria per partecipare (anno 2026, per chi non fosse già iscritto regolarmente all'associazione).</p><p>-Come posso pagare? Per ora i pagamenti possono essere effettuati solo via Paypal sul portale. Una volta creato il personaggio e ricevuta l'approvazione, si iscriverà all'evento in corso e poi si potrà procedere con il pagamento via Paypal, specificando nella casuale il nome del giocatore pagante. Chiediamo inoltre di inviare un'email allo staff: nuovafrontieralive.info@gmail.com con la foto/screenshot/scannerizzazione/pdf del pagamento effettuato, specificando nella mail quanto pagano i singoli giocatori. Una volta inviata l'email con l'avvenuto pagamento, attendete conferma della ricezione della stessa. In caso contrario ricontattate lo staff per chiedere la giusta ricezione della mail.</p><p>-Se non ho Paypal? Puoi affidarti a qualche amico o conoscente che partecipa, basta che si effettuino pagamenti separati di modo che risulti un nominativo per ogni pagamento. </p><p>-Non sono iscritto all'Ass. Arcana Domine ed è la prima volta che gioco, come faccio? Puoi provvedere al pagamento della somma di 10€ (comprensiva di assicurazione annuale) sempre tramite Paypal specificando nella causale ""Iscrizione all'Associazione Arcana Domine"" (se vi iscrivete anche all'evento specificatelo nella causale). Ricordiamo che l'iscrizione all'associazione è da effettuare tramite sito, al seguente indirizzo: https://www.arcanadomine.it/</p><p>ORARI SABATO: Segreteria 10:30 -> 12:00 - Orario di inizio: 13:00 - Orario di fine: 24:00<br>ORARI DOMENICA: Segreteria 10:30 -> 11:00 - Orario di inizio (in gioco automatico): 11:00 - Orario di fine: 17:00<br><br></p><p>ATTENZIONE! TERMINI E SCADENZE<br>22 Febbraio - Termine invio Azioni Downtime<br>1 Marzo - Termine iscrizioni all'evento, pagamento, invio di nuovi personaggi o modifiche dello stesso. Controllate di aver effettuato sia il pagamento che l'iscrizione. <br>Tutte le operazioni elencate sono da fare tramite il portale: https://nuovafrontiera.arcanadomine.it</p><p><br>AVVISI:<br>Chiediamo ai fumatori di fumare nelle apposite aree e di non lasciare in giro mozziconi. In generale, chiediamo attenzione alla cura della location. Vige la regola di occuparsi autonomamente dei propri rifiuti, i quali andranno riportati e smaltiti al proprio domicilio al fine di evitare di saturare i cestini della location.<br>I pasti sono al sacco e a carico dei singoli partecipanti. La struttura non offre cucina.<br>La struttura non offre posto per il pernotto in nessuna forma (né tende né letti): consigliamo una ricerca sui B&B e gli Hotel attorno alla location.</p><p>Se volete prenotare materiale Staff, avete segnalazioni da fare riguardo la vostra salute o volete farci sapere qualsiasi altra cosa, scrivetelo nelle note al momento dell'iscrizione. <br>Se qualcuno desidera dare una mano per la pulizia location a fine live, è pregato di segnalarlo sempre nella sezione note e verrà contattato privatamente in un momento successivo.</p>","2026-03-14","2026-03-07","Forte Santa Viola, Via Santa Viola, 1, 37023 Grezzana VR",,"25",NULL,,"visibile"
"13","La Foresta delle Lacrime","Settimo Live della Campagna ""Nuova Frontiera"" dell'Associazione Culturale Arcana Domine Gioco di Ruolo dal Vivo
1-2-3 Maggio 2026 - Bosco di Bandiziol, Località Bosco - 30029 San Stino Di Livenza (VE)","<p class=""MsoNormal"" style=""margin-bottom:0cm;line-height:normal"">PAGAMENTO<br><br><br><br><br><br><br><br /><br /><br /><br /><br /><br /><br /><br />
ONLINE!<o:p></o:p></p><p class=""MsoNormal"" style=""margin-bottom:0cm;line-height:normal"">Il live sarà composto da tre giornate anziché due: Venerdì, Sabato e Domenica. Per chi partecipa tutti e tre i giorni il prezzo è di 35€, per chi invece verrà solo Sabato e Domenica il prezzo è di 25€. Se venite solo Sabato e Domenica avvisateci tramite l'apposita sezione NOTE all'iscrizione. Alla quota di iscrizione sono da aggiungersi 10€ di iscrizione associazione obbligatoria per partecipare (anno 2026, per chi non fosse già iscritto regolarmente all'associazione).<o:p></o:p></p><p class=""MsoNormal"" style=""margin-bottom:0cm;line-height:normal"">-Come posso pagare? Per ora i pagamenti possono essere effettuati solo via Paypal sul portale. Una volta creato il personaggio e ricevuta l'approvazione, si iscriverà all'evento in corso e poi si potrà procedere con il pagamento via Paypal, specificando nella casuale il nome del giocatore pagante. Chiediamo inoltre di inviare un'email allo staff: nuovafrontieralive.info@gmail.com con la foto/screenshot/scannerizzazione/pdf del pagamento effettuato, specificando nella mail quanto pagano i singoli giocatori. Una volta inviata l'email con l'avvenuto pagamento, attendete conferma della ricezione della stessa. In caso contrario ricontattate lo staff per chiedere la giusta ricezione della mail.<o:p></o:p></p><p class=""MsoNormal"" style=""margin-bottom:0cm;line-height:normal"">-Se non ho Paypal? Puoi affidarti a qualche amico o conoscente che partecipa, basta che si effettuino pagamenti separati di modo che risulti un nominativo per ogni pagamento. </p><p class=""MsoNormal"" style=""margin-bottom:0cm;line-height:normal"">-Non sono iscritto all'Ass. Arcana Domine ed è la prima volta che gioco, come faccio? Puoi provvedere al pagamento della somma di 10€ (comprensiva di assicurazione annuale) sempre tramite Paypal specificando nella causale ""Iscrizione all'Associazione Arcana Domine"" (se vi iscrivete anche all'evento specificatelo nella causale). Ricordiamo che l'iscrizione all'associazione è da effettuare tramite sito, al seguente indirizzo: https://www.arcanadomine.it/<br><br></p><p class=""MsoNormal"" style=""margin-bottom:0cm;line-height:normal"">ORARI VENERDI’:<br>Segreteria: dalle 12:00 - PreLive ore 13.00 - Orario di inizio: 14:00 – Orario di fine 00:00<o:p></o:p></p><p class=""MsoNormal"" style=""margin-bottom:0cm;line-height:normal"">ORARI SABATO:<o:p></o:p></p><p class=""MsoNormal"" style=""margin-bottom:0cm;line-height:normal"">Orario di inizio: 11.00 - Orario di fine: 00:00<o:p></o:p></p><p class=""MsoNormal"" style=""margin-bottom:0cm;line-height:normal"">ORARI DOMENICA:<o:p></o:p></p><p class=""MsoNormal"" style=""margin-bottom:0cm;line-height:normal"">Orario di inizio: 11.00 - Orario di fine: 17:00<o:p></o:p></p><p class=""MsoNormal"" style=""margin-bottom:0cm;line-height:normal""> <o:p></o:p></p><p class=""MsoNormal"" style=""margin-bottom:0cm;line-height:normal"">ATTENZIONE!<br><br><br><br><br><br><br /><br /><br /><br /><br /><br /><br /><br />
TERMINI E SCADENZE<o:p></o:p></p><p class=""MsoNormal"" style=""margin-bottom:0cm;line-height:normal"">19 Aprile - Termine invio Azioni Downtime, termine iscrizioni all'evento, pagamento, invio di nuovi personaggi o modifiche dello stesso. Controllate di aver effettuato sia il pagamento che l'iscrizione.<br>Tutte le operazioni elencate sono da fare tramite il portale: <a href=""https://nuovafrontiera.arcanadomine.it"" target=""_blank"">https://nuovafrontiera.arcanadomine.it</a><br><br></p><p class=""MsoNormal"" style=""margin-bottom:0cm;line-height:normal"">AVVISI:<br>Vi sarà la possibilità di creare l'accampamento secondo le regole e le disposizioni dei Master. <o:p></o:p></p><p class=""MsoNormal"" style=""margin-bottom:0cm;line-height:normal"">Chiediamo ai fumatori di fumare nelle apposite aree e di non lasciare in giro mozziconi. In generale, chiediamo attenzione alla cura della location e degli ambienti di gioco sia durante l'evento che alla fine dello stesso. Vige la regola di occuparsi autonomamente dei propri rifiuti, i quali andranno riportati e smaltiti al proprio domicilio al fine di evitare di saturare i cestini della location.<o:p></o:p></p><p class=""MsoNormal"" style=""margin-bottom:0cm;line-height:normal"">I pasti sono al sacco e a carico dei singoli partecipanti. </p><p>La struttura non offre posto per il pernotto se non tramite tende nella zona che verrà indicata dallo Staff sul posto. <br>Se qualcuno desidera dare una mano per la pulizia location a fine live, è pregato di segnalarlo sempre nella sezione note e verrà richiesta la sua presenza a fine evento.</p>","2026-05-01","2026-04-19","Bosco di Bandiziol, Località Bosco - 30029 San Stino Di Livenza (VE)",,"35",NULL,,"visibile"
