"id","nome","descrizione","descrizione_completa","note_master","status"
"1","Indagare","Il PG si mette fisicamente alla ricerca di informazioni aggiuntive riguardo dicerie, PNG o uno specifico avvenimento già accaduto. Indagare riguardo ad un PG rivela solamente se ha inviato missive nell’evento appena trascorso, se è vincolato a qualche contratto o se possiede schiavi: la risposta a queste domande sarà “sì” oppure “no”, senza aggiunte ulteriori. Nel caso in cui un PG abbia subito un’azione o un tentativo di Sabotaggio, può tentare di scoprire chi lo ha sabotato specificando il nome di 3 PG o PNG: si riceverà risposta positiva nel caso in cui almeno una delle persone nominate sia effettivamente responsabile, senza altre informazioni aggiuntive.",,,"visibile"
"2","Ricercare","I PG effettua delle ricerche accademiche circa un argomento di suo interesse, studiando su libri, pergamene e parlandone con esperti del settore. Gli argomenti di ricerca possono essere: una specifica ricetta (verrà dato un indizio solo su uno degli ingredienti necessari); il funzionamento di un oggetto, di un incantesimo, di una pergamena sacra o di un rituale; un luogo specifico; un’organizzazione. L’azione di ricerca non fornisce mai informazioni circa argomenti mai studiati prima d'ora o appena scoperti. Inoltre non aiuta a ricevere informazioni su qualsiasi cosa che sia attivamente e volutamente tenuta segreta.",,,"visibile"
"3","Lavorare","Il PG si rende utile con qualche lavoretto o esercita la sua professione. Ottiene due monete di rame in più, che verranno consegnate in busta al prossimo evento assieme al resto della rendita personale. Il pagamento avviene solamente con moneta sonante, non con oggetti, risorse o favori di equivalente valore.",,,"visibile"
"5","Produrre","Il PG si mette all’opera per produrre oggetti di cui possiede sia il talento da crafter corrispondente, che la ricetta sul ricettario, che tutti i materiali necessari alla produzione o in alternativa le monete necessarie all’acquisto delle risorse necessarie (i prezzi delle risorse faranno fede alla situazione di mercato dell’evento appena trascorso). Attenzione: con questa azione si possono creare oggetti appartenenti solo a una classe di crafting. Non è possibile sperimentare.",,,"visibile"
"6","Missiva a PG","Il PG invia gratuitamente una lettera a un PG. A meno di particolari abilità utilizzate da altri personaggi contro di voi, le missive rimarranno private tra il mittente e il destinatario e giungeranno sicuramente a destinazione. Puoi allegarci al massimo una risorsa.",,,"visibile"
"8","Costruire","Il PG fornisce denaro sonante o materiali per la costruzione di uno ed un solo edificio in una zona specifica, e aiuta a coordinare i lavori. Il costo minimo per mettere in piedi un edificio è di almeno dieci ingredienti di carpenteria, oppure di almeno una moneta d’argento. Più sono rare le risorse che usate, più il luogo sarà rinomato, ovvero ad es. costruire un’abitazione con risorse comuni darà vita a una baracca, costruire un’abitazione usando solo risorse rare darà vita a un palazzo. L’opera che verrà costruita farà riferimento alla Fazione del (o dei) commissionanti. La presenza dell’edificio darà un bonus o un malus dopo un anno. Per questa azione è richiesta una descrizione nella quale viene specificato cosa si vuole costruire, dove ed eventualmente con quali e quanti altri PG. 
per avere esempi di costruzioni creabili, consultate il Regolamento al capitolo “Le Azioni Inter-Evento”.",,,"visibile"
"9","Sabotare","Il PG cerca di sabotare le azioni di un altro PG, PNG o organizzazione. Se rivolta a un PG questa azione annulla l’azione downtime di quel giocatore: in questo caso il bersaglio non riesce a portare a termine la sua azione e, se ha speso risorse, ne recupera metà. Se più PG collaborano al sabotaggio, o se il bersaglio del sabotaggio è un PG che ha svolto la sua azione downtime collaborando con altri giocatori, vince chi è in maggioranza: un sabotatore fallisce contro una downtime svolta da due PG, quindi questi non annulleranno la loro Downtime; invece tre sabotatori vinceranno contro la downtime svolta da due PG, e questi ultimi vedranno annullate le loro Downtime); in caso di parità numerica, la situazione verrà valutata caso per caso. E’ necessaria una descrizione per svolgere questa azione, e se rivolta contro un PNG od una organizzazione, se foste scoperti potrebbe intentare azioni contro di voi, ma al contempo è possibile che vi attiriate le simpatie di qualche nemico del vostro bersaglio.",,,"visibile"
"10","Mecenatismo","Il PG può donare moneta sonante ad un PNG, ad un gruppo o a un’organizzazione locale per finanziarne la crescita, ottenendo in cambio fama e riconoscimento. Non puoi donare denaro alla Madrepatria né ad una Fazione specifica, ma puoi donare a gruppi presenti sul Nuovo Continente che siano legati al Vecchio Continente o ad una Fazione specifica (es.: non puoi donare ad Aibelir, ma puoi donare al gruppo delle Sorelle Medicanti creatosi nel Nuovo Continente). Le donazioni partono da un minimo di 2MR e possono arrivare ad un massimo determinato da quante monete ci sono in busta PG al termine del live (se sai di voler donare 5MA, assicurati di averle in busta alla fine dell’evento; se necessiti di conoscere quante monete hai in busta, puoi contattarci prima della stesura dell’azione downtime). E’ richiesta una descrizione.",,,"visibile"
"11","Altro","Il PG svolge un’azione che non rientra nella tipologia delle altre Downtime.",,,"visibile"
"12","Missiva a PNG","Il PG invia una lettera a un PNG. A meno di particolari abilità utilizzate da altri personaggi contro di voi, le missive rimarranno private tra il mittente e il destinatario e giungeranno sicuramente a destinazione. 

MISSIVA A PNG PRESENTE SUL NUOVO CONTINENTE 
Al costo di 3MR invia una lettera a un PNG che conosci (con “che conosci” intendiamo un PNG che si sia già presentato almeno una volta in gioco, indipendentemente dal fatto che tu l’abbia visto o meno). Puoi allegarci al massimo 1 risorsa.

MISSIVA A PNG PRESENTE SUL VECCHIO CONTINENTE
Invia una lettera a un PNG che risiede nel vecchio continente. Scegli tra SPEDIZIONE SICURA oppure SPEDIZIONE VELOCE. 
Spedizione sicura: al costo di 1MA una nave procederà lentamente ed in sicurezza per 6 mesi di navigazione per spedire la tua missiva ad un PNG presente sul Vecchio Continente. Puoi allegare a questa missiva un pacco che contiene fino a tre oggetti di qualunque dimensione (gli oggetti conservanti e il loro contenuto non verranno conteggiati come uno, ma verrà conteggiato l’oggetto conservante più ogni cosa al suo interno). Una eventuale risposta a questa missiva potrà giungerti dopo minimo 1 anno (3/4 eventi). 
Spedizione veloce: al costo di 2MA una nave procederà rapidamente per 3 mesi di navigazione per spedire la tua missiva ad un PNG presente sul Vecchio Continente. Puoi allegare a questa missiva un pacco che contiene fino a due oggetti di qualunque dimensione (gli oggetti conservanti e il loro contenuto non verranno conteggiati come uno, ma verrà conteggiato l’oggetto conservante più ogni cosa al suo interno). Una eventuale risposta a questa missiva potrà giungerti dopo minimo 6 mesi (1/2 eventi).",,,"visibile"
